index,predicted,target,correct
0,8,8,1
1,4,4,1
2,4,4,1
3,7,8,0
4,1,4,0
5,4,4,1
6,8,8,1
7,0,0,1
8,6,6,1
9,8,8,1
10,8,8,1
11,6,6,1
12,8,8,1
13,6,6,1
14,0,0,1
15,5,5,1
16,0,0,1
17,2,2,1
18,0,0,1
19,5,5,1
20,2,2,1
21,0,0,1
22,1,1,1
23,8,8,1
24,8,8,1
25,0,0,1
26,1,1,1
27,8,6,0
28,6,6,1
29,0,0,1
30,0,0,1
31,8,8,1
32,0,0,1
33,0,0,1
34,1,1,1
35,2,7,0
36,2,5,0
37,3,3,1
38,4,4,1
39,6,6,1
40,7,5,0
41,6,6,1
42,4,4,1
43,8,8,1
44,0,0,1
45,3,3,1
46,6,6,1
47,2,2,1
48,8,6,0
49,7,7,1
50,3,3,1
51,1,1,1
52,3,3,1
53,3,3,1
54,0,0,1
55,1,1,1
56,7,7,1
57,0,0,1
58,0,0,1
59,0,0,1
60,4,4,1
61,4,4,1
62,4,4,1
63,0,0,1
64,8,8,1
65,3,3,1
66,4,4,1
67,0,0,1
68,7,7,1
69,4,4,1
70,0,0,1
71,8,8,1
72,0,0,1
73,8,6,0
74,2,2,1
75,6,6,1
76,5,7,0
77,1,1,1
78,1,1,1
79,2,2,1
80,3,3,1
81,0,0,1
82,4,4,1
83,0,0,1
84,3,3,1
85,8,8,1
86,4,4,1
87,0,0,1
88,0,0,1
89,0,4,0
90,8,8,1
91,5,5,1
92,6,8,0
93,0,0,1
94,3,3,1
95,4,4,1
96,8,8,1
97,0,0,1
98,0,0,1
99,1,1,1
100,8,8,1
101,3,3,1
102,8,8,1
103,3,3,1
104,3,3,1
105,3,3,1
106,4,4,1
107,0,0,1
108,1,1,1
109,1,1,1
110,4,4,1
111,0,0,1
112,1,1,1
113,1,1,1
114,2,2,1
115,3,3,1
116,1,1,1
117,0,0,1
118,8,8,1
119,4,4,1
120,0,0,1
121,4,4,1
122,6,6,1
123,8,8,1
124,4,4,1
125,0,0,1
126,8,8,1
127,1,1,1
128,4,4,1
129,5,5,1
130,0,0,1
131,8,8,1
132,8,8,1
133,0,0,1
134,8,8,1
135,4,4,1
136,0,0,1
137,0,0,1
138,3,3,1
139,1,1,1
140,8,8,1
141,6,6,1
142,7,7,1
143,8,8,1
144,4,4,1
145,0,0,1
146,1,1,1
147,2,2,1
148,3,3,1
149,4,4,1
150,5,5,1
151,5,5,1
152,0,0,1
153,4,4,1
154,8,8,1
155,1,1,1
156,7,7,1
157,0,0,1
158,1,1,1
159,6,6,1
160,1,1,1
161,7,4,0
162,5,5,1
163,6,6,1
164,1,1,1
165,8,8,1
166,2,2,1
167,0,0,1
168,5,5,1
169,0,0,1
170,3,3,1
171,4,4,1
172,6,6,1
173,3,3,1
174,0,0,1
175,5,2,0
176,7,7,1
177,4,4,1
178,3,8,0
179,8,8,1
180,8,8,1
181,0,0,1
182,5,5,1
183,7,7,1
184,8,8,1
185,4,4,1
186,1,1,1
187,0,0,1
188,0,0,1
189,4,4,1
190,7,7,1
191,4,4,1
192,8,8,1
193,0,0,1
194,0,0,1
195,0,0,1
196,7,7,1
197,0,0,1
198,0,0,1
199,1,1,1
200,0,0,1
201,4,4,1
202,8,8,1
203,2,7,0
204,8,8,1
205,0,0,1
206,0,0,1
207,3,3,1
208,8,8,1
209,1,1,1
210,8,8,1
211,4,4,1
212,8,8,1
213,0,0,1
214,4,4,1
215,1,1,1
216,1,1,1
217,0,0,1
218,3,3,1
219,6,6,1
220,7,7,1
221,0,0,1
222,2,2,1
223,8,8,1
224,4,4,1
225,4,4,1
226,2,2,1
227,1,1,1
228,1,1,1
229,5,5,1
230,5,5,1
231,4,4,1
232,0,0,1
233,4,4,1
234,3,3,1
235,2,7,0
236,8,8,1
237,8,8,1
238,0,0,1
239,6,6,1
240,0,0,1
241,2,2,1
242,3,3,1
243,6,6,1
244,0,0,1
245,5,5,1
246,0,0,1
247,4,4,1
248,0,0,1
249,8,8,1
250,5,7,0
251,3,3,1
252,4,4,1
253,8,6,0
254,3,3,1
255,0,0,1
256,3,3,1
257,4,4,1
258,1,1,1
259,8,8,1
260,0,0,1
261,3,3,1
262,4,4,1
263,7,7,1
264,5,0,0
265,3,3,1
266,0,0,1
267,8,8,1
268,0,0,1
269,0,0,1
270,5,5,1
271,6,6,1
272,4,4,1
273,2,2,1
274,0,0,1
275,8,8,1
276,8,8,1
277,8,8,1
278,8,6,0
279,7,7,1
280,8,8,1
281,4,4,1
282,0,0,1
283,4,4,1
284,1,1,1
285,5,5,1
286,8,8,1
287,0,0,1
288,4,4,1
289,1,1,1
290,3,3,1
291,4,4,1
292,4,4,1
293,4,4,1
294,3,3,1
295,5,0,0
296,1,1,1
297,5,5,1
298,6,6,1
299,8,8,1
300,3,7,0
301,0,0,1
302,8,8,1
303,8,8,1
304,2,7,0
305,0,0,1
306,8,8,1
307,1,1,1
308,6,3,0
309,1,1,1
310,4,4,1
311,1,4,0
312,3,3,1
313,5,5,1
314,0,0,1
315,5,5,1
316,3,3,1
317,8,8,1
318,8,8,1
319,0,0,1
320,1,1,1
321,4,4,1
322,0,0,1
323,1,1,1
324,3,3,1
325,0,0,1
326,4,4,1
327,1,1,1
328,3,3,1
329,4,4,1
330,7,7,1
331,1,1,1
332,3,3,1
333,6,6,1
334,8,8,1
335,0,0,1
336,0,0,1
337,8,8,1
338,4,4,1
339,1,1,1
340,4,4,1
341,0,0,1
342,1,1,1
343,5,5,1
344,0,0,1
345,0,0,1
346,0,4,0
347,4,4,1
348,7,5,0
349,8,8,1
350,1,1,1
351,1,1,1
352,3,3,1
353,7,5,0
354,8,8,1
355,3,3,1
356,3,3,1
357,1,1,1
358,6,6,1
359,8,8,1
360,8,8,1
361,3,3,1
362,0,0,1
363,8,8,1
364,7,7,1
365,0,0,1
366,6,6,1
367,4,4,1
368,7,7,1
369,1,1,1
370,6,6,1
371,0,0,1
372,6,6,1
373,0,4,0
374,3,3,1
375,0,0,1
376,4,4,1
377,0,0,1
378,8,8,1
379,8,8,1
380,7,7,1
381,0,0,1
382,4,4,1
383,2,2,1
384,4,4,1
385,0,0,1
386,1,1,1
387,1,1,1
388,8,8,1
389,0,0,1
390,0,0,1
391,4,4,1
392,7,7,1
393,5,5,1
394,3,3,1
395,4,4,1
396,1,1,1
397,6,6,1
398,3,3,1
399,5,2,0
400,4,4,1
401,8,8,1
402,3,3,1
403,3,3,1
404,3,3,1
405,8,8,1
406,8,8,1
407,7,7,1
408,1,1,1
409,5,5,1
410,4,4,1
411,5,5,1
412,4,4,1
413,8,8,1
414,3,6,0
415,1,1,1
416,6,6,1
417,0,0,1
418,4,4,1
419,0,0,1
420,7,7,1
421,8,8,1
422,0,0,1
423,1,1,1
424,4,4,1
425,8,8,1
426,7,7,1
427,8,8,1
428,0,0,1
429,8,8,1
430,8,8,1
431,6,6,1
432,8,8,1
433,7,7,1
434,2,2,1
435,1,1,1
436,5,7,0
437,8,6,0
438,7,7,1
439,1,1,1
440,0,0,1
441,0,0,1
442,3,6,0
443,8,8,1
444,0,0,1
445,4,4,1
446,8,8,1
447,8,8,1
448,8,8,1
449,5,5,1
450,1,4,0
451,6,6,1
452,8,8,1
453,0,0,1
454,7,7,1
455,8,8,1
456,0,0,1
457,3,3,1
458,8,8,1
459,5,5,1
460,1,1,1
461,8,8,1
462,3,3,1
463,3,8,0
464,0,0,1
465,2,7,0
466,5,7,0
467,1,1,1
468,0,0,1
469,0,0,1
470,3,3,1
471,5,5,1
472,5,5,1
473,0,0,1
474,0,0,1
475,4,4,1
476,1,1,1
477,5,5,1
478,3,3,1
479,4,4,1
480,2,2,1
481,0,0,1
482,5,2,0
483,3,8,0
484,1,1,1
485,4,4,1
486,0,0,1
487,8,8,1
488,4,4,1
489,4,4,1
490,8,8,1
491,5,5,1
492,7,7,1
493,0,0,1
494,8,8,1
495,1,1,1
496,1,1,1
497,0,0,1
498,0,0,1
499,6,6,1
500,1,1,1
501,0,0,1
502,3,3,1
503,0,0,1
504,4,4,1
505,7,5,0
506,6,6,1
507,6,6,1
508,0,0,1
509,8,6,0
510,1,4,0
511,6,6,1
512,0,0,1
513,8,8,1
514,1,1,1
515,0,0,1
516,6,6,1
517,7,5,0
518,3,8,0
519,4,4,1
520,1,1,1
521,4,4,1
522,8,8,1
523,6,6,1
524,1,1,1
525,1,1,1
526,4,4,1
527,2,8,0
528,0,0,1
529,3,3,1
530,3,3,1
531,3,3,1
532,2,2,1
533,0,0,1
534,1,1,1
535,3,3,1
536,0,0,1
537,8,8,1
538,8,8,1
539,4,4,1
540,0,0,1
541,3,3,1
542,0,0,1
543,0,0,1
544,0,0,1
545,4,4,1
546,5,5,1
547,8,8,1
548,8,8,1
549,0,0,1
550,3,3,1
551,4,4,1
552,4,4,1
553,0,0,1
554,5,5,1
555,1,4,0
556,1,1,1
557,8,8,1
558,4,4,1
559,1,1,1
560,6,6,1
561,7,7,1
562,4,4,1
563,0,0,1
564,4,4,1
565,4,4,1
566,6,6,1
567,1,1,1
568,8,8,1
569,3,3,1
570,1,1,1
571,2,2,1
572,0,0,1
573,7,5,0
574,3,3,1
575,2,2,1
576,0,0,1
577,0,4,0
578,8,8,1
579,0,0,1
580,0,0,1
581,0,0,1
582,0,0,1
583,0,0,1
584,4,4,1
585,8,8,1
586,0,0,1
587,1,1,1
588,4,4,1
589,8,8,1
590,4,4,1
591,8,8,1
592,7,5,0
593,0,0,1
594,8,8,1
595,8,8,1
596,8,8,1
597,8,8,1
598,0,0,1
599,1,1,1
600,7,2,0
601,7,7,1
602,4,4,1
603,8,8,1
604,0,0,1
605,8,8,1
606,3,3,1
607,0,0,1
608,3,3,1
609,0,0,1
610,3,3,1
611,6,6,1
612,0,0,1
613,0,0,1
614,0,4,0
615,3,3,1
616,1,1,1
617,4,4,1
618,1,1,1
619,0,0,1
620,8,8,1
621,0,0,1
622,6,8,0
623,6,6,1
624,4,4,1
625,0,0,1
626,8,8,1
627,5,5,1
628,1,1,1
629,4,4,1
630,7,7,1
631,8,8,1
632,8,8,1
633,7,7,1
634,5,5,1
635,2,2,1
636,1,1,1
637,1,4,0
638,7,7,1
639,8,8,1
640,2,3,0
641,3,3,1
642,0,0,1
643,3,3,1
644,6,6,1
645,7,7,1
646,2,2,1
647,2,2,1
648,0,4,0
649,8,8,1
650,5,5,1
651,6,6,1
652,8,8,1
653,4,4,1
654,1,1,1
655,2,2,1
656,6,6,1
657,2,2,1
658,1,1,1
659,8,8,1
660,8,8,1
661,0,0,1
662,0,0,1
663,5,5,1
664,1,1,1
665,0,0,1
666,1,1,1
667,3,3,1
668,4,4,1
669,8,8,1
670,5,2,0
671,1,1,1
672,3,3,1
673,0,0,1
674,1,1,1
675,7,7,1
676,3,3,1
677,8,8,1
678,8,8,1
679,3,3,1
680,7,4,0
681,8,8,1
682,0,0,1
683,1,1,1
684,6,6,1
685,3,3,1
686,0,0,1
687,0,0,1
688,5,2,0
689,4,4,1
690,0,0,1
691,6,6,1
692,3,3,1
693,0,0,1
694,8,8,1
695,8,4,0
696,7,5,0
697,1,1,1
698,3,3,1
699,8,8,1
700,0,0,1
701,0,0,1
702,8,6,0
703,8,8,1
704,2,2,1
705,6,8,0
706,4,4,1
707,0,0,1
708,5,5,1
709,3,3,1
710,5,5,1
711,0,0,1
712,4,4,1
713,8,8,1
714,0,0,1
715,1,1,1
716,6,6,1
717,0,0,1
718,7,7,1
719,0,0,1
720,2,2,1
721,5,7,0
722,0,0,1
723,8,8,1
724,4,4,1
725,3,3,1
726,8,8,1
727,8,8,1
728,1,4,0
729,8,8,1
730,5,5,1
731,4,4,1
732,5,5,1
733,1,1,1
734,0,0,1
735,1,1,1
736,1,1,1
737,0,0,1
738,8,8,1
739,8,6,0
740,4,4,1
741,8,6,0
742,4,4,1
743,0,0,1
744,7,7,1
745,4,4,1
746,2,7,0
747,4,4,1
748,1,1,1
749,0,0,1
750,0,0,1
751,1,1,1
752,3,3,1
753,1,1,1
754,4,4,1
755,0,0,1
756,5,7,0
757,8,8,1
758,4,4,1
759,1,1,1
760,4,4,1
761,5,7,0
762,0,4,0
763,6,6,1
764,4,4,1
765,4,4,1
766,0,0,1
767,8,8,1
768,4,4,1
769,1,1,1
770,1,1,1
771,0,0,1
772,8,8,1
773,3,3,1
774,1,1,1
775,1,1,1
776,3,3,1
777,3,3,1
778,6,6,1
779,1,1,1
780,7,7,1
781,1,1,1
782,8,8,1
783,8,8,1
784,6,6,1
785,3,3,1
786,3,3,1
787,1,1,1
788,4,4,1
789,6,6,1
790,8,8,1
791,7,5,0
792,3,3,1
793,4,4,1
794,3,3,1
795,0,0,1
796,0,0,1
797,4,4,1
798,2,7,0
799,3,3,1
800,8,8,1
801,0,0,1
802,5,5,1
803,1,1,1
804,8,8,1
805,4,4,1
806,3,3,1
807,4,4,1
808,0,0,1
809,0,0,1
810,8,8,1
811,0,0,1
812,8,8,1
813,5,5,1
814,2,2,1
815,1,4,0
816,0,0,1
817,3,3,1
818,6,6,1
819,6,6,1
820,8,8,1
821,8,8,1
822,6,6,1
823,8,8,1
824,1,1,1
825,6,3,0
826,5,5,1
827,0,0,1
828,5,5,1
829,6,6,1
830,1,1,1
831,6,6,1
832,5,5,1
833,4,4,1
834,6,6,1
835,1,1,1
836,8,8,1
837,8,8,1
838,3,3,1
839,2,2,1
840,3,3,1
841,5,2,0
842,2,2,1
843,8,8,1
844,3,3,1
845,6,6,1
846,6,6,1
847,0,0,1
848,0,0,1
849,5,5,1
850,1,1,1
851,0,0,1
852,3,3,1
853,8,8,1
854,6,6,1
855,2,2,1
856,1,1,1
857,5,5,1
858,8,8,1
859,0,0,1
860,5,5,1
861,1,1,1
862,8,8,1
863,7,7,1
864,4,4,1
865,8,8,1
866,5,5,1
867,7,7,1
868,0,0,1
869,8,8,1
870,6,6,1
871,1,1,1
872,8,8,1
873,1,1,1
874,1,1,1
875,6,6,1
876,1,1,1
877,6,8,0
878,6,6,1
879,6,6,1
880,5,5,1
881,3,3,1
882,6,6,1
883,0,0,1
884,7,5,0
885,8,8,1
886,2,2,1
887,0,0,1
888,0,0,1
889,4,4,1
890,1,1,1
891,3,3,1
892,8,8,1
893,1,1,1
894,1,1,1
895,8,8,1
896,2,7,0
897,0,0,1
898,0,0,1
899,1,1,1
900,3,3,1
901,1,1,1
902,6,6,1
903,2,2,1
904,0,0,1
905,0,0,1
906,6,6,1
907,0,0,1
908,5,5,1
909,2,2,1
910,4,4,1
911,0,0,1
912,1,1,1
913,7,7,1
914,5,5,1
915,6,6,1
916,0,4,0
917,0,0,1
918,8,8,1
919,8,8,1
920,8,8,1
921,6,6,1
922,0,0,1
923,7,7,1
924,8,8,1
925,0,4,0
926,0,0,1
927,8,8,1
928,6,6,1
929,6,6,1
930,0,0,1
931,5,5,1
932,7,7,1
933,8,8,1
934,8,8,1
935,1,1,1
936,4,4,1
937,6,6,1
938,6,6,1
939,1,4,0
940,0,0,1
941,3,3,1
942,8,8,1
943,3,3,1
944,4,4,1
945,0,0,1
946,1,1,1
947,8,3,0
948,0,0,1
949,0,0,1
950,8,8,1
951,3,3,1
952,4,4,1
953,8,8,1
954,4,4,1
955,6,6,1
956,2,2,1
957,3,3,1
958,4,4,1
959,1,1,1
960,7,7,1
961,4,4,1
962,6,6,1
963,5,6,0
964,1,1,1
965,0,0,1
966,8,8,1
967,0,0,1
968,8,8,1
969,3,3,1
970,0,0,1
971,3,3,1
972,4,4,1
973,0,0,1
974,2,0,0
975,3,3,1
976,0,0,1
977,2,2,1
978,7,5,0
979,8,8,1
980,0,0,1
981,6,6,1
982,0,4,0
983,3,3,1
984,6,6,1
985,1,4,0
986,7,7,1
987,0,0,1
988,5,5,1
989,8,8,1
990,4,4,1
991,8,8,1
992,7,7,1
993,0,0,1
994,6,6,1
995,8,8,1
996,0,0,1
997,7,5,0
998,1,1,1
999,8,8,1
1000,0,0,1
1001,0,0,1
1002,1,1,1
1003,2,8,0
1004,4,4,1
1005,3,3,1
1006,6,6,1
1007,8,6,0
1008,0,0,1
1009,8,8,1
1010,5,5,1
1011,8,8,1
1012,1,1,1
1013,4,4,1
1014,7,7,1
1015,2,2,1
1016,3,8,0
1017,5,5,1
1018,0,0,1
1019,3,3,1
1020,0,0,1
1021,1,1,1
1022,6,6,1
1023,0,0,1
1024,7,7,1
1025,4,4,1
1026,3,3,1
1027,1,1,1
1028,0,0,1
1029,5,5,1
1030,0,0,1
1031,8,8,1
1032,4,4,1
1033,4,7,0
1034,1,1,1
1035,3,6,0
1036,2,7,0
1037,8,8,1
1038,6,6,1
1039,8,6,0
1040,0,0,1
1041,5,7,0
1042,8,8,1
1043,0,0,1
1044,8,8,1
1045,0,0,1
1046,0,0,1
1047,6,6,1
1048,8,8,1
1049,4,4,1
1050,0,0,1
1051,5,5,1
1052,6,4,0
1053,8,8,1
1054,5,5,1
1055,8,8,1
1056,6,6,1
1057,0,0,1
1058,1,1,1
1059,8,8,1
1060,4,4,1
1061,0,0,1
1062,8,3,0
1063,2,2,1
1064,0,0,1
1065,6,8,0
1066,8,8,1
1067,4,4,1
1068,0,0,1
1069,0,0,1
1070,8,8,1
1071,1,1,1
1072,0,0,1
1073,0,0,1
1074,5,2,0
1075,0,0,1
1076,2,8,0
1077,0,0,1
1078,4,4,1
1079,1,1,1
1080,5,5,1
1081,6,6,1
1082,6,6,1
1083,4,4,1
1084,3,3,1
1085,4,4,1
1086,1,1,1
1087,5,7,0
1088,8,8,1
1089,8,8,1
1090,3,3,1
1091,4,4,1
1092,1,4,0
1093,8,6,0
1094,0,0,1
1095,7,5,0
1096,8,7,0
1097,8,8,1
1098,5,5,1
1099,4,4,1
1100,8,8,1
1101,3,3,1
1102,4,4,1
1103,8,8,1
1104,1,1,1
1105,1,1,1
1106,6,6,1
1107,8,6,0
1108,4,4,1
1109,7,5,0
1110,6,6,1
1111,5,5,1
1112,8,8,1
1113,4,4,1
1114,4,6,0
1115,0,0,1
1116,4,4,1
1117,6,6,1
1118,8,8,1
1119,3,3,1
1120,1,1,1
1121,8,8,1
1122,4,4,1
1123,1,1,1
1124,6,6,1
1125,2,7,0
1126,8,8,1
1127,3,3,1
1128,8,8,1
1129,3,3,1
1130,7,5,0
1131,6,6,1
1132,8,6,0
1133,3,3,1
1134,3,3,1
1135,5,5,1
1136,6,6,1
1137,0,0,1
1138,3,3,1
1139,8,8,1
1140,6,6,1
1141,6,6,1
1142,7,7,1
1143,1,1,1
1144,7,7,1
1145,0,0,1
1146,4,4,1
1147,0,0,1
1148,5,7,0
1149,2,2,1
1150,1,1,1
1151,0,0,1
1152,4,4,1
1153,8,8,1
1154,0,4,0
1155,8,8,1
1156,0,0,1
1157,1,1,1
1158,8,8,1
1159,2,2,1
1160,6,6,1
1161,5,5,1
1162,1,1,1
1163,0,0,1
1164,5,2,0
1165,7,7,1
1166,8,8,1
1167,1,1,1
1168,8,8,1
1169,8,6,0
1170,0,0,1
1171,0,0,1
1172,0,0,1
1173,6,4,0
1174,0,0,1
1175,6,6,1
1176,8,8,1
1177,5,5,1
1178,0,0,1
1179,4,4,1
1180,1,1,1
1181,0,0,1
1182,6,6,1
1183,8,8,1
1184,0,0,1
1185,2,2,1
1186,4,4,1
1187,7,5,0
1188,0,0,1
1189,0,0,1
1190,2,2,1
1191,1,1,1
1192,8,8,1
1193,1,1,1
1194,2,2,1
1195,8,8,1
1196,8,8,1
1197,3,3,1
1198,8,7,0
1199,8,8,1
1200,5,5,1
1201,8,8,1
1202,7,7,1
1203,5,5,1
1204,7,8,0
1205,2,2,1
1206,4,4,1
1207,8,8,1
1208,2,2,1
1209,8,8,1
1210,6,6,1
1211,4,4,1
1212,4,4,1
1213,8,8,1
1214,5,5,1
1215,8,8,1
1216,0,0,1
1217,0,0,1
1218,1,1,1
1219,4,8,0
1220,0,0,1
1221,5,5,1
1222,0,0,1
1223,3,3,1
1224,0,0,1
1225,0,0,1
1226,8,8,1
1227,0,0,1
1228,1,1,1
1229,2,2,1
1230,3,3,1
1231,5,5,1
1232,6,6,1
1233,1,1,1
1234,4,4,1
1235,0,0,1
1236,8,8,1
1237,8,6,0
1238,2,2,1
1239,6,6,1
1240,0,0,1
1241,4,4,1
1242,8,8,1
1243,1,1,1
1244,1,1,1
1245,0,0,1
1246,1,1,1
1247,2,2,1
1248,8,8,1
1249,8,8,1
1250,6,6,1
1251,8,8,1
1252,7,5,0
1253,1,1,1
1254,8,6,0
1255,5,5,1
1256,8,8,1
1257,1,1,1
1258,4,4,1
1259,4,4,1
1260,4,4,1
1261,6,6,1
1262,5,5,1
1263,8,6,0
1264,8,7,0
1265,5,5,1
1266,8,8,1
1267,2,2,1
1268,5,5,1
1269,0,0,1
1270,7,5,0
1271,0,0,1
1272,0,0,1
1273,8,8,1
1274,4,4,1
1275,0,0,1
1276,0,4,0
1277,2,2,1
1278,7,7,1
1279,3,3,1
1280,8,6,0
1281,4,4,1
1282,0,0,1
1283,8,8,1
1284,6,4,0
1285,1,1,1
1286,8,8,1
1287,4,8,0
1288,8,8,1
1289,5,7,0
1290,8,8,1
1291,4,4,1
1292,4,4,1
1293,1,1,1
1294,3,3,1
1295,8,8,1
1296,6,6,1
1297,5,5,1
1298,2,2,1
1299,4,4,1
1300,0,0,1
1301,2,2,1
1302,8,8,1
1303,1,1,1
1304,0,0,1
1305,6,6,1
1306,1,1,1
1307,0,0,1
1308,8,6,0
1309,4,4,1
1310,5,5,1
1311,1,1,1
1312,8,8,1
1313,4,4,1
1314,4,4,1
1315,8,8,1
1316,6,6,1
1317,0,0,1
1318,8,8,1
1319,2,2,1
1320,4,4,1
1321,5,7,0
1322,5,5,1
1323,8,6,0
1324,7,7,1
1325,0,0,1
1326,8,6,0
1327,6,6,1
1328,1,1,1
1329,0,0,1
1330,1,1,1
1331,8,8,1
1332,6,6,1
1333,2,2,1
1334,0,0,1
1335,4,4,1
1336,1,1,1
1337,4,4,1
1338,1,1,1
1339,6,6,1
1340,1,1,1
1341,1,1,1
1342,5,5,1
1343,1,1,1
1344,1,1,1
1345,5,5,1
1346,8,8,1
1347,6,6,1
1348,0,0,1
1349,7,5,0
1350,3,3,1
1351,0,0,1
1352,8,8,1
1353,0,0,1
1354,6,6,1
1355,8,8,1
1356,0,4,0
1357,4,4,1
1358,2,2,1
1359,8,8,1
1360,5,5,1
1361,7,5,0
1362,4,4,1
1363,7,4,0
1364,0,0,1
1365,2,2,1
1366,5,5,1
1367,8,8,1
1368,1,1,1
1369,7,7,1
1370,1,1,1
1371,7,7,1
1372,1,1,1
1373,4,4,1
1374,5,5,1
1375,6,6,1
1376,4,4,1
1377,7,7,1
1378,5,5,1
1379,8,6,0
1380,5,5,1
1381,8,8,1
1382,4,4,1
1383,8,8,1
1384,0,0,1
1385,4,4,1
1386,3,3,1
1387,3,3,1
1388,8,8,1
1389,8,8,1
1390,3,3,1
1391,8,8,1
1392,7,7,1
1393,5,2,0
1394,8,8,1
1395,8,8,1
1396,1,1,1
1397,1,1,1
1398,5,5,1
1399,0,0,1
1400,0,0,1
1401,4,4,1
1402,5,5,1
1403,8,8,1
1404,6,6,1
1405,4,4,1
1406,6,6,1
1407,3,3,1
1408,7,7,1
1409,6,6,1
1410,0,0,1
1411,4,4,1
1412,1,1,1
1413,6,6,1
1414,8,8,1
1415,8,3,0
1416,8,8,1
1417,7,5,0
1418,4,4,1
1419,3,3,1
1420,8,8,1
1421,6,8,0
1422,3,3,1
1423,1,1,1
1424,8,8,1
1425,3,3,1
1426,6,6,1
1427,1,1,1
1428,8,8,1
1429,6,6,1
1430,0,0,1
1431,3,3,1
1432,8,8,1
1433,4,4,1
1434,0,0,1
1435,1,1,1
1436,0,0,1
1437,3,3,1
1438,3,3,1
1439,4,4,1
1440,8,5,0
1441,3,3,1
1442,4,4,1
1443,0,0,1
1444,4,4,1
1445,4,4,1
1446,6,6,1
1447,7,5,0
1448,8,8,1
1449,8,8,1
1450,1,1,1
1451,6,6,1
1452,4,4,1
1453,2,2,1
1454,6,6,1
1455,4,4,1
1456,8,8,1
1457,7,7,1
1458,5,5,1
1459,2,2,1
1460,4,4,1
1461,5,0,0
1462,4,4,1
1463,3,3,1
1464,7,7,1
1465,1,1,1
1466,8,8,1
1467,4,4,1
1468,8,8,1
1469,0,0,1
1470,8,8,1
1471,0,0,1
1472,0,0,1
1473,1,1,1
1474,5,5,1
1475,4,4,1
1476,1,1,1
1477,2,2,1
1478,1,1,1
1479,1,1,1
1480,3,3,1
1481,4,4,1
1482,5,7,0
1483,0,0,1
1484,3,3,1
1485,0,0,1
1486,7,7,1
1487,8,8,1
1488,6,6,1
1489,1,1,1
1490,4,4,1
1491,4,4,1
1492,1,1,1
1493,4,4,1
1494,7,5,0
1495,3,3,1
1496,1,4,0
1497,1,1,1
1498,3,3,1
1499,7,5,0
1500,1,1,1
1501,3,3,1
1502,0,0,1
1503,1,1,1
1504,0,0,1
1505,0,0,1
1506,8,8,1
1507,1,1,1
1508,1,4,0
1509,0,0,1
1510,2,2,1
1511,0,0,1
1512,8,8,1
1513,0,0,1
1514,6,6,1
1515,8,8,1
1516,7,7,1
1517,3,3,1
1518,7,7,1
1519,0,0,1
1520,3,3,1
1521,0,0,1
1522,0,0,1
1523,0,4,0
1524,0,0,1
1525,3,3,1
1526,0,0,1
1527,1,4,0
1528,0,0,1
1529,1,1,1
1530,3,3,1
1531,0,0,1
1532,8,8,1
1533,1,1,1
1534,8,8,1
1535,7,5,0
1536,3,3,1
1537,4,4,1
1538,6,6,1
1539,0,0,1
1540,0,0,1
1541,3,3,1
1542,1,1,1
1543,0,0,1
1544,2,2,1
1545,5,7,0
1546,2,2,1
1547,3,3,1
1548,0,0,1
1549,4,4,1
1550,8,8,1
1551,2,2,1
1552,3,3,1
1553,8,8,1
1554,0,0,1
1555,0,0,1
1556,4,4,1
1557,1,1,1
1558,3,3,1
1559,8,8,1
1560,0,0,1
1561,1,1,1
1562,7,7,1
1563,5,5,1
1564,6,6,1
1565,2,2,1
1566,8,8,1
1567,7,5,0
1568,5,7,0
1569,1,1,1
1570,7,5,0
1571,5,5,1
1572,5,7,0
1573,0,0,1
1574,0,0,1
1575,1,1,1
1576,8,8,1
1577,0,0,1
1578,0,0,1
1579,6,6,1
1580,6,6,1
1581,0,0,1
1582,4,4,1
1583,8,8,1
1584,2,2,1
1585,0,0,1
1586,3,3,1
1587,0,4,0
1588,6,6,1
1589,2,5,0
1590,6,6,1
1591,1,1,1
1592,2,2,1
1593,1,1,1
1594,7,5,0
1595,8,8,1
1596,4,4,1
1597,5,5,1
1598,4,4,1
1599,7,5,0
1600,6,6,1
1601,4,4,1
1602,5,5,1
1603,6,6,1
1604,3,3,1
1605,8,8,1
1606,2,7,0
1607,5,5,1
1608,5,5,1
1609,2,8,0
1610,0,0,1
1611,8,8,1
1612,2,2,1
1613,1,1,1
1614,4,4,1
1615,3,3,1
1616,4,4,1
1617,8,8,1
1618,4,4,1
1619,0,0,1
1620,2,2,1
1621,0,4,0
1622,2,2,1
1623,6,6,1
1624,4,4,1
1625,8,8,1
1626,3,3,1
1627,7,7,1
1628,3,3,1
1629,5,7,0
1630,1,1,1
1631,4,4,1
1632,8,8,1
1633,5,5,1
1634,2,2,1
1635,5,5,1
1636,6,6,1
1637,0,0,1
1638,0,0,1
1639,0,0,1
1640,5,7,0
1641,0,0,1
1642,2,2,1
1643,3,3,1
1644,0,0,1
1645,0,0,1
1646,4,4,1
1647,7,5,0
1648,6,6,1
1649,6,6,1
1650,0,0,1
1651,5,5,1
1652,2,2,1
1653,1,1,1
1654,3,3,1
1655,2,2,1
1656,5,5,1
1657,8,8,1
1658,6,6,1
1659,8,8,1
1660,1,1,1
1661,2,2,1
1662,2,2,1
1663,0,6,0
1664,8,8,1
1665,0,0,1
1666,3,3,1
1667,1,1,1
1668,5,7,0
1669,4,4,1
1670,1,1,1
1671,1,1,1
1672,4,4,1
1673,5,5,1
1674,3,3,1
1675,7,5,0
1676,1,1,1
1677,0,0,1
1678,4,4,1
1679,5,5,1
1680,1,1,1
1681,7,7,1
1682,5,5,1
1683,5,5,1
1684,2,2,1
1685,8,8,1
1686,8,8,1
1687,4,4,1
1688,5,5,1
1689,3,3,1
1690,7,7,1
1691,0,0,1
1692,1,1,1
1693,4,4,1
1694,1,1,1
1695,7,5,0
1696,0,0,1
1697,3,3,1
1698,0,0,1
1699,2,2,1
1700,0,0,1
1701,5,0,0
1702,0,0,1
1703,1,1,1
1704,1,1,1
1705,6,6,1
1706,8,8,1
1707,0,4,0
1708,1,1,1
1709,4,4,1
1710,5,5,1
1711,8,8,1
1712,7,8,0
1713,8,7,0
1714,1,1,1
1715,5,5,1
1716,0,0,1
1717,7,5,0
1718,3,3,1
1719,7,7,1
1720,3,3,1
1721,0,0,1
1722,6,6,1
1723,4,4,1
1724,1,1,1
1725,0,0,1
1726,4,4,1
1727,2,7,0
1728,0,0,1
1729,8,8,1
1730,3,3,1
1731,7,5,0
1732,4,4,1
1733,5,5,1
1734,3,3,1
1735,0,0,1
1736,7,7,1
1737,6,6,1
1738,0,0,1
1739,7,2,0
1740,6,6,1
1741,1,1,1
1742,1,1,1
1743,5,5,1
1744,3,3,1
1745,4,4,1
1746,6,6,1
1747,4,4,1
1748,2,2,1
1749,8,8,1
1750,7,7,1
1751,8,6,0
1752,1,1,1
1753,3,3,1
1754,8,8,1
1755,0,0,1
1756,8,8,1
1757,1,1,1
1758,0,0,1
1759,7,5,0
1760,6,6,1
1761,4,4,1
1762,1,1,1
1763,0,0,1
1764,3,3,1
1765,6,6,1
1766,8,6,0
1767,3,3,1
1768,0,0,1
1769,8,8,1
1770,1,1,1
1771,3,3,1
1772,0,0,1
1773,8,8,1
1774,1,1,1
1775,1,1,1
1776,0,0,1
1777,3,3,1
1778,7,7,1
1779,5,5,1
1780,0,0,1
1781,7,5,0
1782,7,7,1
1783,4,4,1
1784,7,5,0
1785,3,3,1
1786,6,6,1
1787,0,0,1
1788,4,4,1
1789,8,8,1
1790,0,0,1
1791,3,3,1
1792,0,0,1
1793,3,3,1
1794,5,5,1
1795,6,6,1
1796,0,0,1
1797,4,4,1
1798,1,1,1
1799,2,2,1
1800,7,7,1
1801,8,8,1
1802,0,0,1
1803,4,4,1
1804,1,1,1
1805,0,4,0
1806,2,3,0
1807,3,3,1
1808,2,2,1
1809,3,3,1
1810,8,8,1
1811,0,0,1
1812,0,0,1
1813,5,5,1
1814,5,7,0
1815,5,5,1
1816,1,1,1
1817,3,3,1
1818,0,0,1
1819,8,8,1
1820,6,6,1
1821,6,6,1
1822,1,1,1
1823,1,1,1
1824,8,6,0
1825,8,8,1
1826,8,8,1
1827,1,1,1
1828,3,3,1
1829,0,0,1
1830,4,4,1
1831,6,6,1
1832,2,2,1
1833,3,3,1
1834,5,5,1
1835,4,4,1
1836,1,1,1
1837,0,0,1
1838,3,3,1
1839,5,7,0
1840,4,4,1
1841,4,4,1
1842,4,4,1
1843,0,0,1
1844,8,8,1
1845,0,0,1
1846,0,0,1
1847,8,8,1
1848,4,4,1
1849,4,4,1
1850,5,5,1
1851,6,6,1
1852,0,4,0
1853,3,3,1
1854,0,0,1
1855,2,2,1
1856,0,0,1
1857,3,3,1
1858,1,1,1
1859,1,1,1
1860,0,0,1
1861,3,3,1
1862,2,2,1
1863,1,1,1
1864,3,3,1
1865,3,3,1
1866,7,7,1
1867,8,8,1
1868,4,4,1
1869,0,0,1
1870,6,6,1
1871,0,0,1
1872,0,0,1
1873,2,2,1
1874,7,5,0
1875,4,4,1
1876,1,1,1
1877,1,1,1
1878,8,7,0
1879,0,0,1
1880,5,7,0
1881,8,8,1
1882,2,5,0
1883,8,8,1
1884,0,0,1
1885,8,8,1
1886,4,4,1
1887,4,4,1
1888,8,6,0
1889,8,8,1
1890,1,1,1
1891,0,0,1
1892,4,4,1
1893,8,8,1
1894,4,4,1
1895,7,5,0
1896,8,8,1
1897,0,0,1
1898,5,5,1
1899,8,8,1
1900,4,4,1
1901,0,4,0
1902,0,0,1
1903,5,5,1
1904,1,1,1
1905,4,4,1
1906,7,8,0
1907,6,6,1
1908,5,5,1
1909,0,0,1
1910,3,3,1
1911,1,1,1
1912,0,0,1
1913,2,3,0
1914,0,0,1
1915,6,6,1
1916,6,8,0
1917,8,8,1
1918,0,0,1
1919,4,4,1
1920,8,6,0
1921,8,8,1
1922,6,6,1
1923,3,3,1
1924,6,6,1
1925,8,8,1
1926,8,8,1
1927,4,4,1
1928,8,6,0
1929,7,3,0
1930,4,4,1
1931,5,5,1
1932,2,2,1
1933,4,4,1
1934,4,4,1
1935,8,8,1
1936,8,8,1
1937,5,5,1
1938,1,1,1
1939,3,3,1
1940,0,0,1
1941,1,1,1
1942,3,3,1
1943,4,4,1
1944,3,3,1
1945,4,4,1
1946,8,8,1
1947,3,3,1
1948,8,6,0
1949,8,6,0
1950,0,0,1
1951,6,6,1
1952,4,4,1
1953,4,4,1
1954,5,7,0
1955,4,4,1
1956,7,7,1
1957,5,5,1
1958,2,2,1
1959,1,1,1
1960,4,4,1
1961,8,8,1
1962,1,1,1
1963,0,4,0
1964,8,6,0
1965,0,0,1
1966,5,7,0
1967,1,1,1
1968,8,8,1
1969,3,3,1
1970,0,0,1
1971,6,6,1
1972,0,0,1
1973,2,2,1
1974,4,4,1
1975,6,6,1
1976,1,1,1
1977,6,6,1
1978,6,6,1
1979,6,6,1
1980,8,8,1
1981,0,0,1
1982,4,4,1
1983,8,8,1
1984,1,4,0
1985,7,5,0
1986,8,8,1
1987,6,6,1
1988,8,8,1
1989,6,6,1
1990,8,8,1
1991,7,7,1
1992,4,4,1
1993,2,2,1
1994,8,8,1
1995,0,0,1
1996,0,0,1
1997,4,7,0
1998,0,0,1
1999,8,8,1
2000,3,6,0
2001,1,1,1
2002,5,7,0
2003,0,0,1
2004,5,5,1
2005,7,5,0
2006,4,4,1
2007,5,5,1
2008,8,8,1
2009,8,7,0
2010,6,6,1
2011,8,8,1
2012,2,2,1
2013,6,6,1
2014,7,7,1
2015,1,1,1
2016,0,0,1
2017,1,1,1
2018,6,6,1
2019,0,0,1
2020,5,7,0
2021,6,6,1
2022,0,0,1
2023,1,1,1
2024,8,8,1
2025,6,6,1
2026,7,7,1
2027,7,7,1
2028,3,3,1
2029,7,5,0
2030,5,5,1
2031,5,5,1
2032,4,4,1
2033,5,7,0
2034,1,1,1
2035,8,8,1
2036,4,4,1
2037,5,7,0
2038,7,7,1
2039,3,3,1
2040,0,4,0
2041,4,4,1
2042,1,1,1
2043,3,3,1
2044,8,8,1
2045,1,1,1
2046,1,1,1
2047,0,0,1
2048,8,8,1
2049,3,3,1
2050,4,4,1
2051,4,4,1
2052,4,4,1
2053,1,4,0
2054,5,5,1
2055,0,0,1
2056,0,0,1
2057,3,3,1
2058,1,1,1
2059,2,2,1
2060,1,1,1
2061,8,8,1
2062,3,3,1
2063,3,3,1
2064,5,5,1
2065,2,2,1
2066,1,1,1
2067,8,8,1
2068,7,7,1
2069,6,6,1
2070,8,8,1
2071,8,6,0
2072,1,4,0
2073,8,8,1
2074,7,7,1
2075,7,7,1
2076,8,8,1
2077,8,6,0
2078,2,2,1
2079,4,4,1
2080,8,8,1
2081,5,5,1
2082,4,6,0
2083,8,8,1
2084,0,0,1
2085,7,7,1
2086,0,4,0
2087,0,0,1
2088,1,1,1
2089,8,6,0
2090,3,3,1
2091,2,8,0
2092,4,4,1
2093,8,8,1
2094,0,0,1
2095,3,8,0
2096,8,8,1
2097,2,7,0
2098,0,0,1
2099,0,0,1
2100,1,1,1
2101,0,0,1
2102,8,8,1
2103,5,0,0
2104,0,0,1
2105,6,6,1
2106,3,3,1
2107,4,4,1
2108,2,2,1
2109,1,1,1
2110,4,4,1
2111,4,4,1
2112,0,0,1
2113,8,8,1
2114,7,5,0
2115,8,8,1
2116,3,3,1
2117,8,8,1
2118,4,4,1
2119,8,8,1
2120,0,0,1
2121,0,0,1
2122,1,1,1
2123,2,2,1
2124,3,3,1
2125,5,5,1
2126,3,3,1
2127,0,0,1
2128,0,0,1
2129,0,0,1
2130,8,8,1
2131,4,4,1
2132,1,1,1
2133,5,7,0
2134,6,6,1
2135,0,0,1
2136,1,1,1
2137,0,0,1
2138,6,6,1
2139,8,8,1
2140,3,3,1
2141,2,2,1
2142,5,5,1
2143,0,0,1
2144,3,3,1
2145,5,5,1
2146,7,5,0
2147,3,3,1
2148,1,1,1
2149,0,0,1
2150,0,0,1
2151,8,6,0
2152,1,1,1
2153,5,5,1
2154,4,4,1
2155,0,0,1
2156,0,0,1
2157,1,1,1
2158,4,4,1
2159,8,8,1
2160,4,4,1
2161,6,4,0
2162,0,0,1
2163,2,5,0
2164,1,1,1
2165,0,0,1
2166,8,8,1
2167,0,0,1
2168,8,8,1
2169,3,3,1
2170,5,0,0
2171,3,3,1
2172,5,0,0
2173,8,6,0
2174,2,2,1
2175,0,0,1
2176,4,4,1
2177,4,4,1
2178,8,8,1
2179,0,0,1
2180,8,8,1
2181,5,5,1
2182,8,6,0
2183,4,4,1
2184,5,7,0
2185,1,1,1
2186,7,7,1
2187,0,0,1
2188,3,3,1
2189,5,5,1
2190,1,1,1
2191,1,1,1
2192,4,4,1
2193,3,3,1
2194,7,7,1
2195,3,3,1
2196,1,1,1
2197,3,3,1
2198,8,8,1
2199,1,1,1
2200,0,0,1
2201,8,6,0
2202,3,3,1
2203,6,6,1
2204,8,8,1
2205,3,3,1
2206,6,6,1
2207,8,8,1
2208,1,1,1
2209,8,8,1
2210,7,7,1
2211,7,5,0
2212,4,4,1
2213,1,1,1
2214,0,0,1
2215,7,7,1
2216,1,1,1
2217,6,6,1
2218,8,8,1
2219,0,0,1
2220,4,4,1
2221,0,0,1
2222,0,0,1
2223,5,5,1
2224,1,1,1
2225,2,2,1
2226,3,3,1
2227,5,5,1
2228,8,8,1
2229,4,4,1
2230,8,8,1
2231,8,8,1
2232,6,6,1
2233,8,8,1
2234,0,0,1
2235,2,2,1
2236,3,3,1
2237,5,5,1
2238,4,4,1
2239,0,0,1
2240,1,1,1
2241,1,1,1
2242,5,5,1
2243,4,4,1
2244,2,7,0
2245,0,0,1
2246,2,8,0
2247,5,5,1
2248,0,0,1
2249,7,7,1
2250,8,8,1
2251,8,8,1
2252,6,6,1
2253,1,1,1
2254,3,3,1
2255,6,6,1
2256,6,6,1
2257,3,3,1
2258,8,8,1
2259,1,1,1
2260,0,0,1
2261,8,6,0
2262,7,7,1
2263,2,3,0
2264,6,6,1
2265,1,1,1
2266,0,4,0
2267,3,3,1
2268,0,0,1
2269,6,6,1
2270,8,8,1
2271,3,3,1
2272,1,1,1
2273,0,0,1
2274,1,1,1
2275,6,6,1
2276,3,3,1
2277,1,1,1
2278,8,8,1
2279,3,3,1
2280,0,0,1
2281,0,0,1
2282,4,4,1
2283,0,0,1
2284,8,8,1
2285,0,0,1
2286,0,0,1
2287,4,4,1
2288,3,3,1
2289,8,8,1
2290,8,8,1
2291,4,4,1
2292,4,4,1
2293,8,8,1
2294,3,3,1
2295,3,3,1
2296,6,6,1
2297,0,0,1
2298,3,3,1
2299,8,8,1
2300,0,0,1
2301,0,0,1
2302,1,1,1
2303,6,6,1
2304,4,4,1
2305,1,1,1
2306,1,1,1
2307,0,0,1
2308,3,6,0
2309,4,4,1
2310,8,8,1
2311,8,8,1
2312,7,7,1
2313,5,7,0
2314,1,1,1
2315,5,5,1
2316,1,1,1
2317,0,0,1
2318,2,2,1
2319,2,2,1
2320,0,0,1
2321,1,1,1
2322,0,4,0
2323,4,4,1
2324,8,6,0
2325,8,8,1
2326,4,4,1
2327,0,0,1
2328,2,7,0
2329,1,1,1
2330,8,7,0
2331,1,1,1
2332,4,4,1
2333,1,1,1
2334,4,4,1
2335,8,8,1
2336,8,8,1
2337,5,5,1
2338,8,8,1
2339,1,1,1
2340,8,8,1
2341,3,3,1
2342,6,6,1
2343,7,7,1
2344,0,0,1
2345,0,0,1
2346,7,7,1
2347,0,4,0
2348,4,4,1
2349,4,4,1
2350,1,1,1
2351,5,7,0
2352,4,4,1
2353,0,4,0
2354,3,8,0
2355,4,7,0
2356,5,5,1
2357,8,8,1
2358,2,2,1
2359,5,0,0
2360,0,0,1
2361,0,0,1
2362,5,5,1
2363,8,8,1
2364,1,1,1
2365,4,4,1
2366,8,8,1
2367,7,7,1
2368,6,6,1
2369,0,0,1
2370,3,3,1
2371,4,4,1
2372,6,6,1
2373,8,8,1
2374,6,6,1
2375,0,0,1
2376,1,1,1
2377,8,8,1
2378,8,8,1
2379,0,0,1
2380,8,8,1
2381,0,0,1
2382,8,8,1
2383,2,2,1
2384,1,1,1
2385,1,0,0
2386,7,7,1
2387,0,0,1
2388,0,0,1
2389,0,0,1
2390,8,8,1
2391,6,6,1
2392,0,0,1
2393,8,8,1
2394,6,8,0
2395,5,5,1
2396,1,1,1
2397,1,1,1
2398,0,0,1
2399,0,0,1
2400,0,0,1
2401,0,0,1
2402,7,7,1
2403,8,8,1
2404,7,7,1
2405,4,4,1
2406,5,5,1
2407,8,8,1
2408,6,6,1
2409,0,0,1
2410,4,4,1
2411,8,0,0
2412,1,1,1
2413,8,8,1
2414,8,8,1
2415,8,7,0
2416,0,0,1
2417,2,2,1
2418,5,5,1
2419,6,6,1
2420,0,0,1
2421,1,1,1
2422,1,1,1
2423,0,0,1
2424,8,8,1
2425,8,7,0
2426,1,1,1
2427,5,5,1
2428,0,0,1
2429,1,1,1
2430,4,4,1
2431,4,4,1
2432,0,0,1
2433,0,0,1
2434,8,8,1
2435,1,1,1
2436,3,3,1
2437,8,8,1
2438,2,2,1
2439,0,0,1
2440,6,6,1
2441,8,8,1
2442,5,5,1
2443,0,0,1
2444,0,0,1
2445,3,3,1
2446,0,0,1
2447,7,5,0
2448,1,4,0
2449,1,1,1
2450,5,5,1
2451,0,0,1
2452,6,6,1
2453,4,4,1
2454,1,1,1
2455,6,6,1
2456,5,5,1
2457,1,1,1
2458,1,1,1
2459,0,0,1
2460,0,0,1
2461,2,2,1
2462,7,7,1
2463,0,0,1
2464,1,1,1
2465,5,5,1
2466,8,8,1
2467,8,8,1
2468,4,4,1
2469,4,4,1
2470,7,7,1
2471,1,1,1
2472,2,2,1
2473,4,4,1
2474,8,8,1
2475,8,8,1
2476,5,5,1
2477,0,0,1
2478,1,1,1
2479,0,0,1
2480,8,8,1
2481,1,1,1
2482,1,1,1
2483,6,6,1
2484,4,4,1
2485,0,0,1
2486,0,0,1
2487,6,6,1
2488,0,0,1
2489,8,8,1
2490,8,8,1
2491,7,4,0
2492,0,0,1
2493,1,1,1
2494,5,2,0
2495,0,0,1
2496,0,0,1
2497,8,6,0
2498,4,4,1
2499,3,6,0
2500,4,4,1
2501,5,5,1
2502,0,0,1
2503,3,3,1
2504,4,4,1
2505,3,3,1
2506,6,6,1
2507,4,0,0
2508,2,2,1
2509,0,0,1
2510,8,8,1
2511,6,6,1
2512,6,6,1
2513,3,3,1
2514,5,5,1
2515,8,8,1
2516,0,0,1
2517,7,8,0
2518,5,5,1
2519,5,5,1
2520,0,0,1
2521,4,4,1
2522,8,6,0
2523,3,6,0
2524,4,4,1
2525,8,8,1
2526,0,0,1
2527,6,6,1
2528,4,4,1
2529,0,0,1
2530,4,4,1
2531,7,7,1
2532,3,3,1
2533,1,1,1
2534,0,0,1
2535,3,3,1
2536,6,6,1
2537,8,8,1
2538,0,0,1
2539,5,5,1
2540,8,8,1
2541,0,0,1
2542,0,0,1
2543,8,8,1
2544,0,0,1
2545,1,1,1
2546,0,0,1
2547,0,0,1
2548,7,7,1
2549,5,5,1
2550,0,0,1
2551,5,2,0
2552,7,5,0
2553,7,5,0
2554,1,1,1
2555,6,6,1
2556,1,1,1
2557,0,0,1
2558,8,8,1
2559,8,8,1
2560,0,0,1
2561,0,0,1
2562,3,3,1
2563,2,2,1
2564,2,8,0
2565,6,6,1
2566,1,1,1
2567,0,0,1
2568,0,0,1
2569,1,4,0
2570,4,4,1
2571,4,4,1
2572,1,4,0
2573,5,2,0
2574,4,4,1
2575,1,4,0
2576,0,0,1
2577,2,5,0
2578,6,6,1
2579,8,8,1
2580,8,4,0
2581,0,0,1
2582,0,0,1
2583,4,4,1
2584,6,6,1
2585,8,8,1
2586,8,8,1
2587,1,1,1
2588,4,4,1
2589,4,4,1
2590,1,1,1
2591,1,1,1
2592,3,3,1
2593,1,1,1
2594,6,6,1
2595,4,4,1
2596,6,6,1
2597,8,8,1
2598,8,8,1
2599,3,3,1
2600,8,8,1
2601,8,8,1
2602,6,8,0
2603,5,7,0
2604,8,8,1
2605,1,1,1
2606,6,6,1
2607,8,8,1
2608,4,4,1
2609,4,4,1
2610,5,5,1
2611,5,5,1
2612,3,3,1
2613,8,8,1
2614,8,8,1
2615,0,0,1
2616,8,8,1
2617,4,4,1
2618,4,4,1
2619,0,0,1
2620,8,8,1
2621,4,4,1
2622,1,1,1
2623,4,4,1
2624,1,1,1
2625,0,0,1
2626,6,6,1
2627,3,3,1
2628,4,4,1
2629,4,4,1
2630,5,5,1
2631,8,8,1
2632,3,3,1
2633,7,7,1
2634,4,4,1
2635,8,8,1
2636,6,6,1
2637,3,3,1
2638,0,0,1
2639,8,8,1
2640,8,8,1
2641,0,0,1
2642,2,2,1
2643,1,4,0
2644,1,1,1
2645,3,3,1
2646,8,8,1
2647,5,5,1
2648,1,1,1
2649,3,3,1
2650,6,6,1
2651,3,3,1
2652,0,0,1
2653,8,8,1
2654,6,6,1
2655,3,3,1
2656,8,8,1
2657,1,1,1
2658,0,0,1
2659,6,6,1
2660,0,0,1
2661,8,8,1
2662,0,0,1
2663,3,3,1
2664,8,8,1
2665,4,4,1
2666,8,8,1
2667,4,4,1
2668,3,3,1
2669,8,8,1
2670,1,1,1
2671,8,6,0
2672,3,3,1
2673,1,1,1
2674,1,4,0
2675,3,3,1
2676,6,6,1
2677,8,8,1
2678,2,2,1
2679,2,2,1
2680,5,2,0
2681,1,4,0
2682,1,1,1
2683,0,0,1
2684,4,4,1
2685,0,0,1
2686,4,4,1
2687,8,7,0
2688,0,4,0
2689,8,7,0
2690,8,8,1
2691,5,5,1
2692,4,4,1
2693,3,3,1
2694,5,7,0
2695,8,8,1
2696,7,7,1
2697,7,7,1
2698,3,3,1
2699,4,4,1
2700,0,0,1
2701,1,1,1
2702,3,3,1
2703,0,0,1
2704,6,6,1
2705,7,8,0
2706,4,4,1
2707,2,7,0
2708,3,3,1
2709,6,6,1
2710,7,7,1
2711,3,6,0
2712,5,5,1
2713,8,8,1
2714,4,4,1
2715,7,7,1
2716,0,0,1
2717,4,4,1
2718,4,4,1
2719,1,1,1
2720,3,3,1
2721,4,4,1
2722,8,6,0
2723,8,8,1
2724,1,4,0
2725,1,1,1
2726,2,2,1
2727,0,0,1
2728,8,8,1
2729,4,4,1
2730,2,8,0
2731,8,8,1
2732,4,4,1
2733,6,6,1
2734,1,1,1
2735,8,8,1
2736,2,3,0
2737,0,0,1
2738,7,7,1
2739,5,5,1
2740,2,8,0
2741,7,5,0
2742,4,4,1
2743,8,8,1
2744,0,0,1
2745,1,4,0
2746,3,3,1
2747,3,3,1
2748,7,7,1
2749,8,8,1
2750,4,4,1
2751,5,7,0
2752,6,6,1
2753,6,6,1
2754,8,8,1
2755,7,4,0
2756,4,4,1
2757,0,0,1
2758,6,6,1
2759,0,0,1
2760,4,4,1
2761,0,0,1
2762,8,8,1
2763,1,1,1
2764,7,5,0
2765,0,0,1
2766,4,4,1
2767,1,1,1
2768,0,0,1
2769,7,7,1
2770,8,8,1
2771,5,5,1
2772,6,6,1
2773,0,0,1
2774,2,2,1
2775,1,1,1
2776,1,1,1
2777,3,3,1
2778,3,3,1
2779,8,6,0
2780,6,6,1
2781,0,0,1
2782,4,4,1
2783,4,4,1
2784,4,4,1
2785,1,1,1
2786,0,0,1
2787,0,0,1
2788,8,8,1
2789,8,8,1
2790,8,8,1
2791,0,0,1
2792,8,8,1
2793,8,8,1
2794,4,4,1
2795,0,0,1
2796,8,8,1
2797,0,0,1
2798,8,8,1
2799,4,4,1
2800,1,4,0
2801,7,7,1
2802,1,1,1
2803,1,1,1
2804,5,7,0
2805,0,0,1
2806,7,7,1
2807,6,6,1
2808,0,0,1
2809,5,5,1
2810,2,2,1
2811,3,3,1
2812,0,0,1
2813,0,0,1
2814,8,8,1
2815,8,8,1
2816,0,0,1
2817,8,7,0
2818,8,6,0
2819,4,4,1
2820,7,7,1
2821,1,1,1
2822,5,7,0
2823,0,0,1
2824,1,1,1
2825,8,6,0
2826,7,7,1
2827,0,0,1
2828,1,1,1
2829,4,8,0
2830,7,7,1
2831,3,3,1
2832,8,8,1
2833,8,5,0
2834,3,3,1
2835,4,4,1
2836,0,0,1
2837,6,6,1
2838,0,0,1
2839,0,0,1
2840,8,8,1
2841,4,4,1
2842,0,0,1
2843,8,8,1
2844,8,8,1
2845,2,7,0
2846,4,4,1
2847,3,8,0
2848,3,3,1
2849,5,2,0
2850,6,6,1
2851,1,1,1
2852,0,0,1
2853,6,6,1
2854,0,0,1
2855,2,2,1
2856,5,5,1
2857,5,5,1
2858,1,1,1
2859,8,8,1
2860,5,5,1
2861,5,2,0
2862,8,8,1
2863,2,4,0
2864,0,0,1
2865,1,1,1
2866,7,7,1
2867,0,0,1
2868,8,8,1
2869,8,8,1
2870,5,5,1
2871,4,4,1
2872,8,8,1
2873,5,5,1
2874,4,4,1
2875,2,2,1
2876,8,8,1
2877,5,5,1
2878,1,1,1
2879,7,7,1
2880,8,8,1
2881,3,3,1
2882,6,6,1
2883,0,0,1
2884,0,0,1
2885,3,3,1
2886,3,3,1
2887,0,0,1
2888,4,4,1
2889,7,5,0
2890,1,1,1
2891,4,4,1
2892,4,4,1
2893,5,5,1
2894,2,2,1
2895,6,4,0
2896,8,8,1
2897,0,0,1
2898,8,8,1
2899,7,4,0
2900,8,8,1
2901,6,6,1
2902,3,3,1
2903,8,8,1
2904,0,0,1
2905,5,8,0
2906,0,0,1
2907,8,8,1
2908,8,8,1
2909,5,7,0
2910,1,1,1
2911,2,2,1
2912,1,1,1
2913,1,1,1
2914,0,0,1
2915,8,8,1
2916,8,8,1
2917,0,0,1
2918,5,5,1
2919,6,6,1
2920,3,3,1
2921,8,8,1
2922,8,8,1
2923,1,1,1
2924,4,4,1
2925,0,0,1
2926,0,0,1
2927,0,0,1
2928,4,4,1
2929,8,8,1
2930,5,5,1
2931,8,6,0
2932,2,2,1
2933,2,2,1
2934,5,5,1
2935,7,7,1
2936,3,3,1
2937,8,8,1
2938,3,3,1
2939,6,6,1
2940,4,4,1
2941,0,0,1
2942,8,8,1
2943,8,8,1
2944,8,8,1
2945,0,0,1
2946,6,6,1
2947,0,0,1
2948,8,8,1
2949,0,0,1
2950,2,7,0
2951,5,5,1
2952,4,4,1
2953,4,4,1
2954,8,8,1
2955,8,6,0
2956,0,0,1
2957,8,8,1
2958,0,0,1
2959,8,8,1
2960,4,4,1
2961,0,0,1
2962,0,0,1
2963,7,7,1
2964,6,6,1
2965,7,5,0
2966,8,8,1
2967,1,1,1
2968,2,2,1
2969,3,3,1
2970,0,0,1
2971,7,7,1
2972,0,0,1
2973,2,2,1
2974,0,0,1
2975,7,2,0
2976,6,0,0
2977,7,7,1
2978,5,5,1
2979,1,1,1
2980,4,4,1
2981,4,4,1
2982,6,6,1
2983,4,4,1
2984,4,4,1
2985,0,0,1
2986,5,5,1
2987,1,1,1
2988,6,6,1
2989,4,4,1
2990,4,4,1
2991,6,6,1
2992,6,6,1
2993,0,0,1
2994,8,8,1
2995,6,6,1
2996,8,6,0
2997,8,8,1
2998,6,6,1
2999,8,8,1
3000,7,7,1
3001,8,8,1
3002,7,5,0
3003,1,1,1
3004,6,0,0
3005,8,8,1
3006,1,1,1
3007,0,0,1
3008,6,6,1
3009,3,3,1
3010,1,1,1
3011,7,2,0
3012,4,4,1
3013,3,3,1
3014,1,1,1
3015,4,4,1
3016,6,6,1
3017,5,0,0
3018,0,0,1
3019,0,0,1
3020,6,6,1
3021,0,0,1
3022,7,7,1
3023,5,5,1
3024,8,6,0
3025,6,6,1
3026,6,6,1
3027,6,6,1
3028,5,5,1
3029,1,1,1
3030,7,7,1
3031,8,8,1
3032,5,5,1
3033,5,5,1
3034,4,4,1
3035,6,6,1
3036,5,5,1
3037,0,0,1
3038,1,1,1
3039,5,5,1
3040,5,5,1
3041,3,3,1
3042,3,3,1
3043,3,3,1
3044,1,1,1
3045,0,0,1
3046,5,2,0
3047,8,8,1
3048,0,0,1
3049,1,1,1
3050,8,8,1
3051,6,6,1
3052,5,7,0
3053,0,0,1
3054,8,8,1
3055,3,3,1
3056,4,4,1
3057,4,4,1
3058,0,0,1
3059,6,6,1
3060,1,1,1
3061,8,8,1
3062,6,6,1
3063,1,1,1
3064,8,8,1
3065,7,7,1
3066,8,8,1
3067,0,4,0
3068,0,0,1
3069,1,1,1
3070,3,3,1
3071,1,1,1
3072,6,6,1
3073,0,0,1
3074,7,5,0
3075,8,8,1
3076,4,4,1
3077,8,8,1
3078,5,5,1
3079,8,8,1
3080,1,1,1
3081,6,6,1
3082,1,1,1
3083,8,6,0
3084,0,0,1
3085,6,6,1
3086,7,7,1
3087,6,6,1
3088,8,8,1
3089,8,8,1
3090,2,8,0
3091,5,5,1
3092,5,5,1
3093,6,6,1
3094,4,4,1
3095,8,8,1
3096,1,4,0
3097,4,4,1
3098,5,5,1
3099,8,8,1
3100,8,8,1
3101,7,7,1
3102,5,7,0
3103,0,0,1
3104,5,5,1
3105,3,3,1
3106,6,6,1
3107,0,0,1
3108,4,4,1
3109,3,3,1
3110,0,0,1
3111,1,1,1
3112,8,8,1
3113,4,4,1
3114,5,5,1
3115,0,0,1
3116,3,3,1
3117,7,8,0
3118,5,5,1
3119,5,5,1
3120,5,5,1
3121,5,0,0
3122,5,5,1
3123,8,8,1
3124,8,8,1
3125,8,8,1
3126,8,7,0
3127,8,8,1
3128,8,6,0
3129,1,1,1
3130,7,5,0
3131,0,0,1
3132,0,0,1
3133,4,4,1
3134,0,0,1
3135,7,7,1
3136,8,8,1
3137,3,3,1
3138,0,0,1
3139,0,0,1
3140,4,4,1
3141,5,7,0
3142,4,6,0
3143,8,8,1
3144,0,0,1
3145,1,1,1
3146,8,6,0
3147,1,4,0
3148,1,1,1
3149,4,4,1
3150,8,8,1
3151,1,1,1
3152,5,5,1
3153,0,0,1
3154,0,0,1
3155,1,1,1
3156,5,5,1
3157,3,3,1
3158,4,4,1
3159,4,4,1
3160,1,1,1
3161,3,3,1
3162,1,1,1
3163,8,8,1
3164,5,5,1
3165,6,6,1
3166,0,0,1
3167,0,0,1
3168,8,3,0
3169,0,0,1
3170,1,1,1
3171,6,6,1
3172,4,4,1
3173,8,8,1
3174,2,7,0
3175,0,0,1
3176,8,8,1
3177,0,0,1
3178,5,5,1
3179,7,5,0
3180,8,8,1
3181,1,1,1
3182,0,0,1
3183,4,4,1
3184,2,2,1
3185,8,8,1
3186,5,7,0
3187,4,4,1
3188,6,6,1
3189,0,0,1
3190,4,4,1
3191,7,5,0
3192,4,4,1
3193,8,8,1
3194,6,6,1
3195,3,3,1
3196,8,8,1
3197,7,7,1
3198,1,1,1
3199,2,2,1
3200,4,4,1
3201,7,5,0
3202,2,2,1
3203,1,1,1
3204,5,5,1
3205,2,4,0
3206,8,8,1
3207,1,1,1
3208,2,5,0
3209,2,3,0
3210,0,0,1
3211,8,8,1
3212,2,2,1
3213,8,8,1
3214,5,5,1
3215,0,4,0
3216,8,8,1
3217,7,7,1
3218,6,6,1
3219,8,8,1
3220,3,3,1
3221,6,6,1
3222,6,6,1
3223,6,6,1
3224,4,4,1
3225,5,5,1
3226,4,4,1
3227,2,2,1
3228,3,3,1
3229,6,6,1
3230,8,8,1
3231,6,6,1
3232,8,6,0
3233,3,3,1
3234,4,4,1
3235,1,1,1
3236,3,3,1
3237,0,0,1
3238,6,6,1
3239,1,1,1
3240,7,5,0
3241,5,5,1
3242,3,3,1
3243,1,1,1
3244,7,7,1
3245,0,0,1
3246,8,6,0
3247,4,4,1
3248,1,1,1
3249,0,0,1
3250,6,6,1
3251,8,8,1
3252,7,7,1
3253,1,1,1
3254,8,8,1
3255,2,2,1
3256,0,0,1
3257,2,5,0
3258,7,7,1
3259,0,0,1
3260,8,8,1
3261,1,1,1
3262,8,8,1
3263,7,5,0
3264,4,4,1
3265,8,8,1
3266,8,8,1
3267,3,3,1
3268,2,2,1
3269,8,8,1
3270,8,8,1
3271,6,6,1
3272,8,8,1
3273,6,6,1
3274,5,5,1
3275,8,8,1
3276,0,4,0
3277,8,8,1
3278,4,4,1
3279,1,1,1
3280,8,8,1
3281,4,4,1
3282,1,1,1
3283,1,1,1
3284,3,3,1
3285,0,0,1
3286,6,6,1
3287,4,4,1
3288,4,4,1
3289,3,3,1
3290,0,0,1
3291,2,7,0
3292,4,4,1
3293,8,6,0
3294,7,7,1
3295,0,0,1
3296,5,5,1
3297,8,8,1
3298,0,0,1
3299,4,4,1
3300,8,8,1
3301,6,6,1
3302,0,0,1
3303,8,8,1
3304,1,1,1
3305,0,0,1
3306,8,8,1
3307,3,3,1
3308,8,8,1
3309,8,8,1
3310,8,8,1
3311,3,3,1
3312,8,8,1
3313,0,0,1
3314,5,5,1
3315,1,1,1
3316,3,3,1
3317,4,4,1
3318,0,0,1
3319,0,0,1
3320,0,0,1
3321,6,6,1
3322,8,8,1
3323,4,4,1
3324,8,8,1
3325,1,1,1
3326,6,6,1
3327,4,4,1
3328,3,3,1
3329,0,0,1
3330,2,2,1
3331,8,6,0
3332,8,8,1
3333,7,5,0
3334,2,8,0
3335,6,6,1
3336,0,0,1
3337,0,0,1
3338,5,7,0
3339,1,1,1
3340,5,5,1
3341,0,0,1
3342,0,0,1
3343,1,1,1
3344,1,1,1
3345,8,8,1
3346,4,4,1
3347,0,0,1
3348,0,0,1
3349,4,4,1
3350,0,0,1
3351,0,0,1
3352,1,1,1
3353,0,0,1
3354,8,8,1
3355,0,0,1
3356,3,3,1
3357,2,2,1
3358,0,0,1
3359,0,0,1
3360,8,8,1
3361,5,2,0
3362,6,6,1
3363,8,8,1
3364,6,6,1
3365,4,4,1
3366,4,4,1
3367,5,5,1
3368,0,0,1
3369,2,8,0
3370,4,4,1
3371,8,7,0
3372,2,2,1
3373,6,6,1
3374,3,8,0
3375,2,8,0
3376,8,8,1
3377,2,2,1
3378,8,8,1
3379,3,3,1
3380,3,3,1
3381,5,5,1
3382,4,4,1
3383,0,0,1
3384,4,4,1
3385,3,3,1
3386,0,0,1
3387,4,4,1
3388,8,8,1
3389,1,1,1
3390,4,4,1
3391,8,8,1
3392,1,1,1
3393,0,0,1
3394,1,1,1
3395,1,1,1
3396,0,0,1
3397,8,8,1
3398,3,3,1
3399,4,4,1
3400,5,5,1
3401,2,2,1
3402,7,8,0
3403,7,7,1
3404,1,1,1
3405,0,0,1
3406,0,0,1
3407,1,1,1
3408,8,8,1
3409,3,3,1
3410,7,7,1
3411,4,4,1
3412,7,7,1
3413,4,4,1
3414,3,3,1
3415,1,1,1
3416,1,1,1
3417,0,0,1
3418,3,3,1
3419,4,4,1
3420,4,4,1
3421,8,8,1
3422,0,0,1
3423,0,0,1
3424,0,0,1
3425,4,4,1
3426,8,8,1
3427,0,0,1
3428,0,0,1
3429,1,1,1
3430,6,6,1
3431,6,6,1
3432,2,2,1
3433,0,0,1
3434,4,4,1
3435,0,0,1
3436,3,3,1
3437,3,3,1
3438,8,6,0
3439,4,4,1
3440,7,7,1
3441,8,8,1
3442,1,1,1
3443,1,1,1
3444,8,8,1
3445,8,8,1
3446,1,1,1
3447,0,0,1
3448,1,1,1
3449,8,8,1
3450,0,0,1
3451,0,0,1
3452,3,3,1
3453,3,3,1
3454,2,2,1
3455,0,0,1
3456,0,0,1
3457,6,6,1
3458,0,0,1
3459,0,0,1
3460,4,4,1
3461,4,4,1
3462,6,6,1
3463,3,3,1
3464,4,4,1
3465,6,6,1
3466,4,4,1
3467,6,6,1
3468,5,2,0
3469,8,8,1
3470,5,2,0
3471,8,8,1
3472,1,1,1
3473,0,0,1
3474,8,8,1
3475,8,8,1
3476,1,1,1
3477,5,5,1
3478,8,8,1
3479,8,8,1
3480,8,8,1
3481,7,5,0
3482,0,0,1
3483,3,3,1
3484,1,1,1
3485,5,5,1
3486,6,6,1
3487,8,8,1
3488,3,3,1
3489,1,1,1
3490,4,4,1
3491,3,3,1
3492,8,8,1
3493,8,8,1
3494,8,8,1
3495,8,8,1
3496,5,5,1
3497,5,7,0
3498,2,7,0
3499,0,0,1
3500,2,2,1
3501,0,0,1
3502,8,8,1
3503,6,4,0
3504,1,1,1
3505,4,4,1
3506,5,5,1
3507,8,8,1
3508,1,1,1
3509,8,6,0
3510,1,1,1
3511,0,0,1
3512,0,0,1
3513,8,8,1
3514,6,6,1
3515,4,4,1
3516,5,5,1
3517,8,8,1
3518,7,7,1
3519,4,4,1
3520,1,1,1
3521,8,8,1
3522,7,7,1
3523,8,8,1
3524,8,6,0
3525,5,5,1
3526,8,6,0
3527,0,0,1
3528,8,8,1
3529,4,4,1
3530,0,0,1
3531,8,7,0
3532,4,4,1
3533,8,8,1
3534,8,8,1
3535,4,4,1
3536,8,8,1
3537,8,8,1
3538,1,1,1
3539,4,4,1
3540,4,4,1
3541,8,8,1
3542,8,8,1
3543,8,8,1
3544,4,4,1
3545,1,1,1
3546,5,5,1
3547,7,7,1
3548,8,8,1
3549,6,6,1
3550,0,0,1
3551,0,0,1
3552,4,4,1
3553,0,0,1
3554,8,7,0
3555,3,8,0
3556,8,8,1
3557,4,4,1
3558,4,4,1
3559,3,3,1
3560,4,4,1
3561,4,4,1
3562,0,0,1
3563,4,4,1
3564,8,8,1
3565,2,3,0
3566,8,8,1
3567,4,4,1
3568,5,5,1
3569,2,2,1
3570,5,5,1
3571,7,7,1
3572,4,4,1
3573,7,4,0
3574,0,0,1
3575,2,2,1
3576,8,6,0
3577,1,1,1
3578,8,8,1
3579,4,4,1
3580,4,4,1
3581,0,0,1
3582,1,1,1
3583,6,4,0
3584,7,7,1
3585,4,4,1
3586,6,6,1
3587,6,6,1
3588,1,1,1
3589,0,0,1
3590,1,4,0
3591,1,1,1
3592,6,6,1
3593,6,6,1
3594,0,0,1
3595,5,5,1
3596,2,3,0
3597,8,8,1
3598,7,7,1
3599,4,4,1
3600,4,8,0
3601,8,6,0
3602,8,8,1
3603,6,6,1
3604,3,3,1
3605,8,8,1
3606,4,4,1
3607,0,4,0
3608,0,0,1
3609,8,8,1
3610,0,0,1
3611,6,6,1
3612,1,1,1
3613,0,0,1
3614,1,1,1
3615,8,8,1
3616,0,0,1
3617,8,8,1
3618,4,4,1
3619,7,5,0
3620,6,6,1
3621,8,8,1
3622,0,0,1
3623,4,4,1
3624,3,3,1
3625,2,2,1
3626,8,8,1
3627,3,3,1
3628,4,4,1
3629,3,3,1
3630,3,3,1
3631,7,7,1
3632,4,4,1
3633,7,5,0
3634,2,0,0
3635,8,8,1
3636,0,0,1
3637,2,2,1
3638,6,6,1
3639,1,1,1
3640,4,4,1
3641,4,4,1
3642,0,0,1
3643,0,0,1
3644,5,5,1
3645,0,0,1
3646,3,3,1
3647,6,6,1
3648,5,5,1
3649,5,7,0
3650,1,1,1
3651,3,3,1
3652,8,6,0
3653,1,1,1
3654,8,8,1
3655,7,7,1
3656,1,1,1
3657,8,6,0
3658,1,1,1
3659,3,3,1
3660,7,7,1
3661,4,4,1
3662,5,5,1
3663,4,4,1
3664,6,6,1
3665,3,3,1
3666,4,4,1
3667,0,0,1
3668,4,4,1
3669,0,0,1
3670,2,3,0
3671,4,4,1
3672,1,1,1
3673,5,5,1
3674,7,2,0
3675,1,1,1
3676,5,5,1
3677,8,8,1
3678,0,0,1
3679,0,0,1
3680,8,8,1
3681,0,0,1
3682,0,0,1
3683,1,1,1
3684,3,3,1
3685,1,1,1
3686,6,6,1
3687,6,6,1
3688,8,8,1
3689,2,2,1
3690,4,4,1
3691,4,4,1
3692,8,8,1
3693,4,4,1
3694,1,1,1
3695,4,4,1
3696,3,8,0
3697,4,4,1
3698,4,4,1
3699,4,4,1
3700,4,4,1
3701,5,5,1
3702,4,4,1
3703,5,5,1
3704,0,0,1
3705,2,8,0
3706,6,8,0
3707,8,8,1
3708,6,6,1
3709,1,1,1
3710,0,0,1
3711,0,0,1
3712,1,1,1
3713,0,0,1
3714,3,3,1
3715,5,5,1
3716,4,4,1
3717,2,2,1
3718,4,4,1
3719,1,1,1
3720,2,2,1
3721,8,8,1
3722,1,1,1
3723,3,3,1
3724,8,8,1
3725,5,5,1
3726,0,0,1
3727,4,4,1
3728,4,4,1
3729,2,2,1
3730,3,3,1
3731,5,7,0
3732,5,5,1
3733,0,0,1
3734,4,4,1
3735,4,4,1
3736,0,0,1
3737,1,1,1
3738,4,4,1
3739,5,0,0
3740,0,0,1
3741,0,0,1
3742,0,0,1
3743,7,7,1
3744,4,4,1
3745,3,3,1
3746,6,6,1
3747,8,8,1
3748,0,4,0
3749,4,4,1
3750,4,4,1
3751,4,4,1
3752,6,6,1
3753,3,3,1
3754,6,7,0
3755,2,2,1
3756,0,0,1
3757,4,4,1
3758,1,1,1
3759,8,8,1
3760,7,5,0
3761,0,0,1
3762,4,4,1
3763,5,5,1
3764,0,0,1
3765,1,1,1
3766,1,1,1
3767,1,1,1
3768,1,1,1
3769,8,8,1
3770,7,7,1
3771,8,8,1
3772,8,8,1
3773,3,3,1
3774,0,0,1
3775,0,0,1
3776,6,6,1
3777,8,8,1
3778,5,5,1
3779,4,4,1
3780,1,1,1
3781,8,8,1
3782,3,3,1
3783,8,8,1
3784,8,8,1
3785,0,0,1
3786,4,4,1
3787,4,4,1
3788,8,6,0
3789,5,5,1
3790,7,8,0
3791,8,8,1
3792,6,6,1
3793,0,0,1
3794,1,1,1
3795,0,0,1
3796,8,8,1
3797,0,0,1
3798,1,1,1
3799,1,1,1
3800,0,0,1
3801,3,3,1
3802,0,0,1
3803,8,8,1
3804,0,4,0
3805,2,2,1
3806,0,0,1
3807,7,5,0
3808,6,6,1
3809,4,4,1
3810,3,3,1
3811,4,4,1
3812,4,4,1
3813,7,5,0
3814,6,6,1
3815,0,0,1
3816,8,8,1
3817,1,1,1
3818,0,0,1
3819,5,5,1
3820,5,5,1
3821,3,3,1
3822,6,6,1
3823,0,0,1
3824,0,0,1
3825,2,2,1
3826,8,8,1
3827,4,4,1
3828,8,8,1
3829,6,6,1
3830,1,1,1
3831,5,0,0
3832,7,7,1
3833,8,8,1
3834,5,5,1
3835,4,4,1
3836,3,3,1
3837,7,7,1
3838,8,8,1
3839,6,6,1
3840,8,8,1
3841,2,2,1
3842,7,2,0
3843,8,8,1
3844,2,2,1
3845,3,3,1
3846,8,8,1
3847,8,8,1
3848,0,0,1
3849,1,1,1
3850,8,8,1
3851,5,5,1
3852,8,8,1
3853,4,4,1
3854,8,8,1
3855,1,4,0
3856,0,0,1
3857,6,6,1
3858,6,4,0
3859,8,8,1
3860,1,1,1
3861,4,4,1
3862,8,8,1
3863,2,2,1
3864,0,0,1
3865,0,0,1
3866,1,1,1
3867,4,4,1
3868,0,0,1
3869,3,3,1
3870,0,0,1
3871,8,8,1
3872,4,4,1
3873,4,4,1
3874,7,5,0
3875,5,5,1
3876,7,7,1
3877,4,4,1
3878,8,8,1
3879,5,5,1
3880,4,4,1
3881,5,5,1
3882,1,1,1
3883,5,5,1
3884,0,0,1
3885,8,8,1
3886,0,0,1
3887,0,0,1
3888,8,8,1
3889,0,0,1
3890,7,5,0
3891,8,8,1
3892,8,8,1
3893,5,5,1
3894,4,4,1
3895,1,1,1
3896,0,0,1
3897,3,3,1
3898,6,6,1
3899,7,7,1
3900,5,8,0
3901,4,4,1
3902,7,5,0
3903,6,6,1
3904,5,5,1
3905,6,6,1
3906,2,2,1
3907,4,4,1
3908,6,6,1
3909,4,4,1
3910,8,8,1
3911,1,1,1
3912,8,8,1
3913,1,1,1
3914,1,4,0
3915,2,2,1
3916,5,5,1
3917,5,0,0
3918,8,8,1
3919,8,6,0
3920,4,4,1
3921,3,3,1
3922,2,2,1
3923,8,6,0
3924,0,0,1
3925,1,1,1
3926,4,4,1
3927,8,8,1
3928,4,4,1
3929,0,0,1
3930,6,6,1
3931,0,0,1
3932,2,2,1
3933,1,4,0
3934,1,1,1
3935,4,4,1
3936,8,7,0
3937,5,7,0
3938,1,1,1
3939,1,1,1
3940,4,4,1
3941,8,8,1
3942,0,0,1
3943,1,1,1
3944,0,0,1
3945,8,8,1
3946,6,6,1
3947,3,3,1
3948,8,8,1
3949,1,1,1
3950,8,8,1
3951,7,7,1
3952,0,0,1
3953,3,3,1
3954,7,5,0
3955,0,0,1
3956,6,6,1
3957,7,5,0
3958,4,4,1
3959,1,1,1
3960,6,6,1
3961,5,7,0
3962,4,4,1
3963,5,5,1
3964,0,0,1
3965,5,5,1
3966,6,6,1
3967,8,8,1
3968,4,4,1
3969,2,2,1
3970,1,1,1
3971,0,0,1
3972,3,3,1
3973,6,6,1
3974,5,5,1
3975,8,8,1
3976,4,4,1
3977,1,1,1
3978,7,7,1
3979,0,0,1
3980,6,6,1
3981,3,3,1
3982,0,0,1
3983,3,3,1
3984,8,8,1
3985,0,0,1
3986,0,0,1
3987,5,5,1
3988,4,4,1
3989,0,0,1
3990,0,0,1
3991,8,8,1
3992,3,3,1
3993,8,8,1
3994,6,6,1
3995,8,6,0
3996,8,8,1
3997,6,6,1
3998,6,6,1
3999,0,0,1
4000,4,4,1
4001,6,6,1
4002,8,8,1
4003,1,1,1
4004,1,1,1
4005,3,3,1
4006,4,4,1
4007,7,5,0
4008,8,8,1
4009,0,0,1
4010,1,1,1
4011,0,0,1
4012,1,1,1
4013,4,4,1
4014,4,4,1
4015,8,8,1
4016,0,0,1
4017,1,1,1
4018,8,8,1
4019,0,0,1
4020,3,3,1
4021,8,7,0
4022,1,1,1
4023,5,5,1
4024,1,1,1
4025,6,8,0
4026,3,3,1
4027,0,0,1
4028,4,4,1
4029,8,8,1
4030,1,1,1
4031,8,8,1
4032,8,8,1
4033,2,2,1
4034,2,3,0
4035,8,8,1
4036,1,1,1
4037,4,4,1
4038,6,6,1
4039,3,3,1
4040,3,3,1
4041,5,5,1
4042,4,4,1
4043,8,8,1
4044,0,0,1
4045,0,0,1
4046,5,5,1
4047,0,0,1
4048,6,6,1
4049,6,6,1
4050,4,4,1
4051,1,1,1
4052,8,8,1
4053,0,0,1
4054,6,6,1
4055,7,7,1
4056,2,3,0
4057,2,7,0
4058,4,4,1
4059,5,7,0
4060,8,8,1
4061,2,2,1
4062,6,6,1
4063,1,1,1
4064,0,0,1
4065,0,0,1
4066,7,7,1
4067,0,0,1
4068,5,5,1
4069,3,3,1
4070,8,8,1
4071,5,5,1
4072,8,6,0
4073,8,8,1
4074,0,0,1
4075,1,1,1
4076,3,3,1
4077,7,2,0
4078,4,6,0
4079,8,8,1
4080,1,1,1
4081,2,2,1
4082,0,0,1
4083,0,0,1
4084,0,0,1
4085,4,4,1
4086,0,0,1
4087,6,6,1
4088,4,4,1
4089,1,1,1
4090,7,7,1
4091,6,6,1
4092,4,4,1
4093,7,7,1
4094,1,1,1
4095,4,4,1
4096,5,5,1
4097,6,6,1
4098,8,8,1
4099,6,6,1
4100,3,8,0
4101,0,0,1
4102,0,0,1
4103,5,5,1
4104,7,7,1
4105,6,6,1
4106,8,8,1
4107,6,6,1
4108,0,0,1
4109,0,0,1
4110,1,1,1
4111,6,6,1
4112,0,0,1
4113,0,0,1
4114,2,2,1
4115,0,0,1
4116,2,7,0
4117,0,0,1
4118,4,4,1
4119,4,4,1
4120,6,6,1
4121,0,4,0
4122,6,6,1
4123,6,6,1
4124,8,8,1
4125,8,8,1
4126,5,5,1
4127,6,6,1
4128,4,4,1
4129,8,8,1
4130,3,3,1
4131,8,8,1
4132,5,5,1
4133,7,7,1
4134,6,6,1
4135,5,5,1
4136,2,8,0
4137,7,7,1
4138,3,3,1
4139,3,3,1
4140,2,2,1
4141,8,8,1
4142,2,2,1
4143,0,0,1
4144,5,5,1
4145,8,8,1
4146,1,1,1
4147,2,7,0
4148,3,3,1
4149,8,6,0
4150,4,4,1
4151,6,6,1
4152,6,6,1
4153,1,4,0
4154,0,0,1
4155,0,0,1
4156,3,6,0
4157,7,5,0
4158,6,4,0
4159,5,5,1
4160,7,5,0
4161,1,4,0
4162,7,7,1
4163,5,2,0
4164,1,1,1
4165,3,3,1
4166,0,0,1
4167,0,0,1
4168,8,8,1
4169,0,0,1
4170,4,4,1
4171,0,0,1
4172,4,4,1
4173,8,8,1
4174,5,5,1
4175,3,3,1
4176,6,6,1
4177,0,0,1
4178,0,0,1
4179,8,8,1
4180,3,3,1
4181,7,7,1
4182,0,0,1
4183,8,8,1
4184,5,5,1
4185,1,1,1
4186,0,0,1
4187,0,0,1
4188,7,7,1
4189,0,0,1
4190,0,0,1
4191,0,0,1
4192,1,1,1
4193,8,8,1
4194,6,6,1
4195,2,2,1
4196,5,0,0
4197,2,7,0
4198,0,0,1
4199,3,3,1
4200,2,5,0
4201,4,4,1
4202,5,2,0
4203,5,5,1
4204,0,0,1
4205,3,3,1
4206,2,2,1
4207,8,8,1
4208,8,8,1
4209,4,4,1
4210,0,4,0
4211,0,0,1
4212,4,4,1
4213,7,7,1
4214,7,7,1
4215,4,4,1
4216,2,2,1
4217,6,6,1
4218,3,3,1
4219,3,3,1
4220,0,4,0
4221,2,3,0
4222,5,5,1
4223,1,1,1
4224,0,0,1
4225,8,8,1
4226,8,6,0
4227,1,1,1
4228,4,4,1
4229,4,4,1
4230,7,2,0
4231,1,1,1
4232,6,6,1
4233,8,8,1
4234,0,0,1
4235,3,3,1
4236,2,2,1
4237,5,7,0
4238,7,7,1
4239,4,4,1
4240,0,0,1
4241,1,1,1
4242,0,0,1
4243,6,6,1
4244,4,4,1
4245,3,3,1
4246,0,0,1
4247,4,4,1
4248,6,6,1
4249,5,0,0
4250,8,6,0
4251,5,5,1
4252,2,2,1
4253,3,3,1
4254,2,2,1
4255,1,1,1
4256,8,8,1
4257,8,8,1
4258,7,5,0
4259,5,0,0
4260,8,8,1
4261,4,4,1
4262,8,7,0
4263,5,5,1
4264,0,0,1
4265,7,7,1
4266,6,6,1
4267,3,3,1
4268,3,8,0
4269,8,8,1
4270,7,5,0
4271,5,6,0
4272,4,4,1
4273,2,7,0
4274,8,8,1
4275,8,8,1
4276,8,8,1
4277,0,0,1
4278,8,8,1
4279,0,0,1
4280,4,4,1
4281,3,3,1
4282,2,2,1
4283,2,2,1
4284,0,0,1
4285,4,4,1
4286,2,2,1
4287,6,6,1
4288,3,3,1
4289,0,4,0
4290,6,6,1
4291,7,7,1
4292,4,4,1
4293,0,0,1
4294,4,4,1
4295,1,1,1
4296,4,4,1
4297,4,4,1
4298,1,1,1
4299,4,4,1
4300,8,8,1
4301,0,0,1
4302,0,0,1
4303,1,1,1
4304,4,4,1
4305,0,0,1
4306,4,4,1
4307,4,4,1
4308,3,3,1
4309,0,0,1
4310,4,4,1
4311,8,8,1
4312,5,7,0
4313,2,2,1
4314,6,6,1
4315,2,2,1
4316,8,8,1
4317,0,0,1
4318,4,4,1
4319,0,0,1
4320,7,5,0
4321,5,5,1
4322,8,8,1
4323,6,6,1
4324,6,6,1
4325,2,2,1
4326,0,0,1
4327,4,4,1
4328,0,0,1
4329,0,0,1
4330,3,3,1
4331,4,4,1
4332,8,8,1
4333,3,3,1
4334,0,0,1
4335,8,4,0
4336,6,6,1
4337,0,0,1
4338,3,3,1
4339,6,6,1
4340,5,7,0
4341,5,5,1
4342,0,0,1
4343,7,7,1
4344,8,8,1
4345,1,1,1
4346,1,1,1
4347,8,8,1
4348,4,4,1
4349,8,8,1
4350,5,5,1
4351,4,4,1
4352,6,6,1
4353,0,0,1
4354,4,4,1
4355,0,0,1
4356,6,6,1
4357,1,1,1
4358,1,1,1
4359,6,6,1
4360,8,8,1
4361,0,0,1
4362,6,6,1
4363,7,7,1
4364,1,1,1
4365,4,4,1
4366,4,4,1
4367,0,0,1
4368,8,8,1
4369,8,8,1
4370,8,8,1
4371,4,4,1
4372,8,8,1
4373,6,6,1
4374,1,1,1
4375,4,4,1
4376,7,7,1
4377,0,0,1
4378,3,6,0
4379,5,7,0
4380,3,3,1
4381,1,1,1
4382,8,8,1
4383,2,2,1
4384,8,8,1
4385,6,6,1
4386,0,0,1
4387,7,7,1
4388,6,6,1
4389,8,8,1
4390,8,8,1
4391,8,6,0
4392,8,8,1
4393,8,8,1
4394,0,0,1
4395,0,4,0
4396,7,7,1
4397,8,8,1
4398,5,5,1
4399,8,8,1
4400,5,7,0
4401,8,8,1
4402,1,1,1
4403,4,4,1
4404,3,3,1
4405,1,1,1
4406,8,8,1
4407,3,3,1
4408,0,0,1
4409,2,7,0
4410,3,3,1
4411,8,8,1
4412,8,8,1
4413,3,3,1
4414,4,4,1
4415,2,2,1
4416,1,1,1
4417,8,8,1
4418,1,1,1
4419,4,4,1
4420,2,2,1
4421,7,5,0
4422,0,4,0
4423,1,1,1
4424,3,3,1
4425,3,3,1
4426,1,1,1
4427,6,6,1
4428,3,3,1
4429,2,2,1
4430,2,2,1
4431,5,5,1
4432,0,0,1
4433,8,8,1
4434,4,4,1
4435,8,8,1
4436,2,2,1
4437,8,8,1
4438,1,1,1
4439,5,5,1
4440,6,6,1
4441,5,5,1
4442,8,6,0
4443,8,8,1
4444,0,0,1
4445,8,8,1
4446,0,0,1
4447,1,1,1
4448,8,8,1
4449,3,3,1
4450,0,0,1
4451,1,1,1
4452,0,0,1
4453,6,6,1
4454,8,8,1
4455,3,3,1
4456,0,0,1
4457,4,4,1
4458,2,2,1
4459,7,7,1
4460,3,3,1
4461,4,4,1
4462,2,2,1
4463,0,0,1
4464,1,1,1
4465,8,8,1
4466,7,7,1
4467,3,3,1
4468,0,0,1
4469,2,2,1
4470,1,1,1
4471,8,8,1
4472,8,8,1
4473,0,0,1
4474,6,6,1
4475,5,5,1
4476,8,8,1
4477,8,8,1
4478,8,8,1
4479,0,0,1
4480,7,7,1
4481,0,0,1
4482,0,0,1
4483,4,4,1
4484,4,4,1
4485,3,3,1
4486,3,3,1
4487,2,2,1
4488,0,4,0
4489,0,0,1
4490,8,8,1
4491,2,2,1
4492,1,1,1
4493,6,6,1
4494,7,5,0
4495,1,1,1
4496,1,1,1
4497,8,8,1
4498,1,1,1
4499,6,6,1
4500,7,5,0
4501,8,8,1
4502,4,4,1
4503,5,5,1
4504,3,3,1
4505,8,8,1
4506,3,3,1
4507,6,6,1
4508,7,7,1
4509,5,5,1
4510,5,5,1
4511,2,2,1
4512,8,8,1
4513,5,5,1
4514,0,0,1
4515,8,8,1
4516,4,4,1
4517,5,5,1
4518,3,3,1
4519,8,8,1
4520,8,8,1
4521,7,7,1
4522,2,2,1
4523,2,2,1
4524,6,6,1
4525,1,1,1
4526,3,3,1
4527,7,7,1
4528,2,2,1
4529,8,7,0
4530,8,8,1
4531,0,0,1
4532,8,8,1
4533,0,0,1
4534,5,5,1
4535,0,0,1
4536,3,3,1
4537,3,3,1
4538,8,8,1
4539,1,1,1
4540,6,6,1
4541,0,4,0
4542,0,0,1
4543,3,3,1
4544,0,0,1
4545,7,5,0
4546,3,3,1
4547,5,5,1
4548,4,4,1
4549,8,8,1
4550,7,7,1
4551,2,2,1
4552,5,5,1
4553,0,0,1
4554,7,5,0
4555,0,0,1
4556,0,0,1
4557,0,0,1
4558,5,5,1
4559,4,4,1
4560,0,0,1
4561,1,1,1
4562,2,2,1
4563,5,5,1
4564,3,3,1
4565,8,8,1
4566,5,5,1
4567,5,5,1
4568,6,8,0
4569,7,7,1
4570,8,8,1
4571,3,3,1
4572,8,8,1
4573,6,6,1
4574,0,0,1
4575,4,4,1
4576,8,8,1
4577,3,3,1
4578,0,0,1
4579,4,4,1
4580,1,1,1
4581,0,0,1
4582,3,3,1
4583,0,0,1
4584,8,6,0
4585,4,4,1
4586,0,0,1
4587,1,1,1
4588,8,8,1
4589,0,0,1
4590,6,6,1
4591,7,5,0
4592,8,8,1
4593,4,4,1
4594,8,8,1
4595,3,3,1
4596,8,8,1
4597,0,0,1
4598,0,0,1
4599,3,3,1
4600,6,6,1
4601,7,8,0
4602,3,3,1
4603,3,3,1
4604,0,0,1
4605,8,8,1
4606,8,8,1
4607,4,4,1
4608,6,6,1
4609,5,5,1
4610,0,0,1
4611,1,1,1
4612,1,1,1
4613,8,6,0
4614,5,5,1
4615,8,8,1
4616,3,3,1
4617,8,8,1
4618,0,0,1
4619,8,8,1
4620,5,2,0
4621,1,1,1
4622,4,4,1
4623,6,6,1
4624,4,4,1
4625,0,0,1
4626,0,0,1
4627,0,0,1
4628,0,0,1
4629,5,5,1
4630,2,2,1
4631,1,1,1
4632,8,8,1
4633,1,1,1
4634,5,5,1
4635,4,0,0
4636,8,8,1
4637,0,0,1
4638,6,6,1
4639,5,5,1
4640,5,5,1
4641,3,3,1
4642,8,8,1
4643,2,8,0
4644,1,1,1
4645,8,8,1
4646,1,1,1
4647,0,0,1
4648,0,0,1
4649,1,1,1
4650,0,0,1
4651,8,8,1
4652,4,4,1
4653,1,1,1
4654,5,5,1
4655,8,8,1
4656,1,1,1
4657,5,5,1
4658,0,0,1
4659,0,0,1
4660,8,7,0
4661,7,7,1
4662,6,6,1
4663,0,0,1
4664,0,0,1
4665,8,8,1
4666,0,0,1
4667,0,0,1
4668,8,8,1
4669,0,0,1
4670,0,0,1
4671,8,8,1
4672,7,7,1
4673,0,0,1
4674,1,1,1
4675,6,6,1
4676,5,5,1
4677,2,2,1
4678,8,8,1
4679,8,7,0
4680,0,0,1
4681,3,3,1
4682,0,0,1
4683,2,2,1
4684,4,4,1
4685,6,6,1
4686,3,3,1
4687,0,0,1
4688,0,0,1
4689,5,5,1
4690,8,8,1
4691,6,6,1
4692,1,1,1
4693,0,0,1
4694,4,4,1
4695,0,0,1
4696,4,4,1
4697,7,5,0
4698,7,5,0
4699,0,0,1
4700,8,8,1
4701,6,6,1
4702,2,5,0
4703,8,8,1
4704,3,3,1
4705,5,5,1
4706,0,0,1
4707,6,6,1
4708,4,4,1
4709,8,8,1
4710,4,4,1
4711,1,1,1
4712,0,0,1
4713,0,0,1
4714,7,7,1
4715,3,3,1
4716,3,8,0
4717,6,6,1
4718,0,0,1
4719,8,8,1
4720,6,6,1
4721,1,1,1
4722,3,3,1
4723,2,2,1
4724,3,3,1
4725,3,3,1
4726,3,3,1
4727,1,1,1
4728,2,8,0
4729,6,6,1
4730,5,5,1
4731,7,7,1
4732,1,4,0
4733,8,8,1
4734,2,2,1
4735,1,1,1
4736,6,6,1
4737,8,6,0
4738,0,0,1
4739,0,0,1
4740,4,4,1
4741,2,2,1
4742,3,3,1
4743,8,8,1
4744,8,8,1
4745,1,1,1
4746,6,6,1
4747,6,6,1
4748,0,0,1
4749,1,1,1
4750,8,8,1
4751,1,1,1
4752,1,1,1
4753,3,3,1
4754,0,0,1
4755,4,4,1
4756,8,8,1
4757,7,5,0
4758,8,8,1
4759,0,0,1
4760,1,1,1
4761,3,3,1
4762,0,0,1
4763,4,4,1
4764,5,7,0
4765,8,8,1
4766,8,8,1
4767,5,5,1
4768,1,1,1
4769,6,6,1
4770,2,2,1
4771,4,4,1
4772,5,5,1
4773,8,8,1
4774,8,8,1
4775,3,3,1
4776,0,0,1
4777,3,3,1
4778,8,6,0
4779,8,8,1
4780,0,0,1
4781,3,6,0
4782,4,4,1
4783,0,0,1
4784,3,3,1
4785,3,3,1
4786,3,3,1
4787,4,4,1
4788,7,7,1
4789,8,8,1
4790,1,1,1
4791,0,0,1
4792,4,0,0
4793,5,5,1
4794,6,6,1
4795,0,4,0
4796,8,8,1
4797,1,1,1
4798,1,1,1
4799,1,1,1
4800,8,8,1
4801,3,3,1
4802,5,0,0
4803,0,0,1
4804,3,3,1
4805,0,0,1
4806,0,0,1
4807,3,3,1
4808,2,2,1
4809,8,7,0
4810,8,7,0
4811,4,4,1
4812,4,4,1
4813,0,0,1
4814,4,4,1
4815,0,0,1
4816,0,0,1
4817,5,5,1
4818,0,0,1
4819,0,0,1
4820,8,8,1
4821,2,2,1
4822,8,7,0
4823,0,0,1
4824,0,0,1
4825,0,0,1
4826,4,4,1
4827,4,4,1
4828,6,6,1
4829,4,4,1
4830,0,4,0
4831,0,0,1
4832,5,5,1
4833,6,6,1
4834,8,8,1
4835,8,8,1
4836,8,8,1
4837,8,8,1
4838,7,7,1
4839,6,6,1
4840,4,4,1
4841,1,1,1
4842,1,1,1
4843,4,4,1
4844,6,6,1
4845,6,6,1
4846,0,0,1
4847,1,1,1
4848,5,5,1
4849,8,8,1
4850,2,2,1
4851,4,4,1
4852,8,8,1
4853,8,6,0
4854,4,4,1
4855,7,4,0
4856,0,0,1
4857,6,6,1
4858,1,1,1
4859,4,4,1
4860,4,4,1
4861,0,0,1
4862,0,0,1
4863,0,0,1
4864,0,0,1
4865,5,5,1
4866,8,8,1
4867,1,1,1
4868,6,6,1
4869,8,8,1
4870,8,8,1
4871,4,4,1
4872,1,1,1
4873,4,4,1
4874,3,3,1
4875,2,2,1
4876,1,1,1
4877,8,8,1
4878,5,5,1
4879,1,1,1
4880,4,4,1
4881,4,4,1
4882,0,0,1
4883,4,4,1
4884,8,8,1
4885,0,0,1
4886,2,2,1
4887,8,8,1
4888,3,3,1
4889,2,2,1
4890,8,8,1
4891,8,8,1
4892,0,0,1
4893,3,3,1
4894,0,0,1
4895,1,1,1
4896,3,3,1
4897,1,1,1
4898,6,6,1
4899,7,5,0
4900,6,6,1
4901,6,6,1
4902,1,1,1
4903,1,1,1
4904,8,8,1
4905,0,0,1
4906,4,4,1
4907,1,1,1
4908,5,7,0
4909,8,8,1
4910,0,0,1
4911,3,3,1
4912,6,6,1
4913,5,7,0
4914,2,2,1
4915,4,4,1
4916,8,8,1
4917,1,1,1
4918,8,6,0
4919,1,1,1
4920,1,1,1
4921,5,5,1
4922,0,0,1
4923,0,0,1
4924,5,5,1
4925,3,3,1
4926,3,3,1
4927,8,8,1
4928,6,6,1
4929,1,1,1
4930,1,1,1
4931,8,8,1
4932,8,7,0
4933,3,3,1
4934,8,8,1
4935,3,3,1
4936,6,4,0
4937,0,0,1
4938,0,0,1
4939,7,7,1
4940,1,1,1
4941,6,6,1
4942,8,6,0
4943,4,4,1
4944,6,6,1
4945,4,4,1
4946,0,0,1
4947,1,4,0
4948,2,2,1
4949,4,4,1
4950,1,1,1
4951,8,8,1
4952,0,0,1
4953,3,3,1
4954,1,1,1
4955,4,4,1
4956,0,0,1
4957,4,4,1
4958,8,8,1
4959,5,5,1
4960,6,6,1
4961,6,6,1
4962,0,0,1
4963,3,3,1
4964,4,4,1
4965,2,0,0
4966,3,3,1
4967,4,4,1
4968,0,0,1
4969,8,8,1
4970,8,8,1
4971,2,2,1
4972,6,6,1
4973,6,6,1
4974,6,6,1
4975,0,0,1
4976,3,3,1
4977,8,8,1
4978,2,2,1
4979,1,1,1
4980,7,7,1
4981,0,0,1
4982,0,0,1
4983,5,5,1
4984,5,5,1
4985,6,6,1
4986,8,8,1
4987,6,6,1
4988,8,8,1
4989,4,4,1
4990,0,0,1
4991,8,8,1
4992,7,7,1
4993,1,1,1
4994,1,1,1
4995,3,3,1
4996,1,1,1
4997,5,7,0
4998,4,4,1
4999,8,8,1
5000,3,3,1
5001,8,8,1
5002,6,6,1
5003,1,1,1
5004,5,5,1
5005,0,0,1
5006,8,8,1
5007,2,2,1
5008,0,0,1
5009,4,4,1
5010,1,1,1
5011,4,4,1
5012,4,4,1
5013,5,5,1
5014,0,0,1
5015,0,4,0
5016,1,1,1
5017,8,8,1
5018,0,0,1
5019,1,1,1
5020,1,1,1
5021,1,4,0
5022,5,7,0
5023,5,5,1
5024,8,8,1
5025,2,2,1
5026,7,7,1
5027,4,4,1
5028,3,3,1
5029,8,6,0
5030,6,6,1
5031,8,8,1
5032,8,6,0
5033,8,8,1
5034,3,3,1
5035,0,0,1
5036,4,4,1
5037,1,4,0
5038,2,2,1
5039,4,4,1
5040,5,5,1
5041,8,8,1
5042,6,6,1
5043,1,1,1
5044,1,1,1
5045,1,1,1
5046,5,5,1
5047,4,4,1
5048,0,0,1
5049,0,0,1
5050,4,4,1
5051,7,7,1
5052,8,3,0
5053,7,5,0
5054,4,4,1
5055,1,1,1
5056,4,4,1
5057,0,0,1
5058,3,3,1
5059,1,1,1
5060,6,6,1
5061,2,2,1
5062,3,3,1
5063,1,1,1
5064,1,1,1
5065,2,2,1
5066,5,0,0
5067,5,2,0
5068,4,4,1
5069,0,0,1
5070,8,7,0
5071,5,5,1
5072,3,3,1
5073,6,6,1
5074,6,6,1
5075,4,4,1
5076,8,8,1
5077,0,0,1
5078,6,6,1
5079,0,0,1
5080,6,8,0
5081,0,0,1
5082,8,8,1
5083,1,1,1
5084,0,0,1
5085,2,8,0
5086,4,4,1
5087,0,0,1
5088,6,6,1
5089,1,1,1
5090,2,2,1
5091,2,7,0
5092,8,8,1
5093,4,4,1
5094,5,5,1
5095,1,1,1
5096,7,4,0
5097,2,2,1
5098,1,1,1
5099,4,4,1
5100,0,0,1
5101,8,8,1
5102,3,3,1
5103,0,0,1
5104,3,3,1
5105,0,0,1
5106,6,6,1
5107,2,6,0
5108,0,0,1
5109,1,1,1
5110,7,5,0
5111,1,1,1
5112,7,5,0
5113,8,8,1
5114,5,7,0
5115,1,1,1
5116,0,0,1
5117,0,0,1
5118,8,8,1
5119,6,6,1
5120,7,5,0
5121,0,0,1
5122,1,1,1
5123,1,1,1
5124,5,0,0
5125,4,4,1
5126,6,6,1
5127,7,5,0
5128,3,3,1
5129,0,0,1
5130,1,1,1
5131,8,8,1
5132,8,8,1
5133,6,6,1
5134,1,1,1
5135,6,6,1
5136,5,2,0
5137,8,8,1
5138,0,0,1
5139,6,6,1
5140,0,0,1
5141,2,0,0
5142,8,8,1
5143,4,4,1
5144,0,0,1
5145,0,0,1
5146,5,7,0
5147,4,4,1
5148,4,4,1
5149,8,8,1
5150,0,0,1
5151,0,0,1
5152,4,4,1
5153,0,0,1
5154,8,8,1
5155,1,1,1
5156,8,8,1
5157,2,2,1
5158,4,4,1
5159,1,1,1
5160,4,4,1
5161,8,8,1
5162,4,4,1
5163,5,5,1
5164,0,0,1
5165,3,3,1
5166,2,3,0
5167,4,4,1
5168,3,3,1
5169,3,8,0
5170,1,1,1
5171,2,2,1
5172,1,1,1
5173,8,8,1
5174,3,3,1
5175,7,7,1
5176,8,8,1
5177,0,0,1
5178,5,5,1
5179,0,0,1
5180,8,8,1
5181,1,1,1
5182,0,0,1
5183,5,5,1
5184,6,6,1
5185,0,0,1
5186,1,1,1
5187,0,0,1
5188,0,0,1
5189,8,8,1
5190,7,5,0
5191,2,2,1
5192,5,5,1
5193,0,0,1
5194,0,0,1
5195,3,3,1
5196,0,0,1
5197,8,8,1
5198,8,8,1
5199,4,4,1
5200,1,1,1
5201,4,4,1
5202,8,8,1
5203,0,0,1
5204,0,0,1
5205,4,4,1
5206,0,0,1
5207,3,3,1
5208,4,4,1
5209,0,0,1
5210,3,3,1
5211,8,8,1
5212,8,8,1
5213,0,4,0
5214,6,6,1
5215,0,0,1
5216,8,8,1
5217,7,7,1
5218,4,4,1
5219,6,6,1
5220,2,8,0
5221,6,6,1
5222,5,5,1
5223,4,4,1
5224,7,7,1
5225,8,8,1
5226,5,5,1
5227,0,0,1
5228,0,0,1
5229,8,8,1
5230,0,0,1
5231,6,6,1
5232,7,7,1
5233,0,0,1
5234,3,3,1
5235,3,3,1
5236,5,5,1
5237,8,8,1
5238,1,1,1
5239,5,7,0
5240,0,0,1
5241,7,5,0
5242,0,0,1
5243,3,3,1
5244,0,0,1
5245,0,0,1
5246,5,5,1
5247,1,1,1
5248,0,0,1
5249,4,4,1
5250,8,8,1
5251,6,6,1
5252,0,0,1
5253,8,8,1
5254,5,5,1
5255,4,4,1
5256,0,0,1
5257,0,0,1
5258,1,1,1
5259,8,8,1
5260,5,5,1
5261,6,6,1
5262,4,4,1
5263,6,6,1
5264,7,7,1
5265,0,0,1
5266,2,2,1
5267,8,6,0
5268,0,0,1
5269,0,0,1
5270,0,0,1
5271,0,0,1
5272,3,3,1
5273,1,1,1
5274,6,6,1
5275,8,8,1
5276,8,8,1
5277,1,1,1
5278,8,8,1
5279,4,4,1
5280,8,8,1
5281,5,5,1
5282,6,4,0
5283,2,7,0
5284,0,0,1
5285,4,4,1
5286,1,1,1
5287,1,1,1
5288,3,3,1
5289,7,5,0
5290,5,5,1
5291,4,4,1
5292,1,1,1
5293,2,2,1
5294,5,7,0
5295,1,1,1
5296,6,8,0
5297,0,0,1
5298,5,5,1
5299,4,4,1
5300,0,0,1
5301,3,3,1
5302,8,8,1
5303,7,5,0
5304,0,0,1
5305,8,8,1
5306,8,8,1
5307,8,8,1
5308,0,0,1
5309,4,4,1
5310,1,1,1
5311,0,0,1
5312,8,8,1
5313,2,2,1
5314,8,8,1
5315,1,1,1
5316,3,3,1
5317,8,8,1
5318,8,8,1
5319,8,8,1
5320,8,8,1
5321,6,6,1
5322,0,0,1
5323,0,0,1
5324,8,8,1
5325,5,0,0
5326,4,4,1
5327,0,0,1
5328,5,7,0
5329,4,4,1
5330,6,6,1
5331,0,0,1
5332,1,1,1
5333,5,2,0
5334,3,3,1
5335,0,0,1
5336,8,8,1
5337,8,8,1
5338,2,2,1
5339,5,5,1
5340,1,1,1
5341,8,8,1
5342,0,0,1
5343,2,8,0
5344,1,1,1
5345,6,6,1
5346,6,6,1
5347,8,8,1
5348,8,6,0
5349,4,4,1
5350,0,0,1
5351,1,1,1
5352,6,6,1
5353,3,3,1
5354,8,8,1
5355,2,2,1
5356,0,0,1
5357,8,8,1
5358,1,1,1
5359,5,8,0
5360,4,4,1
5361,8,8,1
5362,5,5,1
5363,4,4,1
5364,0,0,1
5365,0,0,1
5366,8,8,1
5367,2,3,0
5368,6,6,1
5369,2,2,1
5370,0,0,1
5371,1,1,1
5372,0,0,1
5373,8,8,1
5374,4,4,1
5375,1,1,1
5376,8,8,1
5377,3,3,1
5378,1,1,1
5379,8,8,1
5380,5,5,1
5381,7,7,1
5382,8,8,1
5383,1,1,1
5384,4,4,1
5385,8,6,0
5386,5,5,1
5387,7,7,1
5388,6,6,1
5389,0,0,1
5390,1,1,1
5391,6,6,1
5392,1,1,1
5393,4,4,1
5394,0,0,1
5395,0,0,1
5396,8,8,1
5397,3,3,1
5398,4,4,1
5399,5,5,1
5400,3,3,1
5401,4,4,1
5402,0,0,1
5403,5,5,1
5404,4,4,1
5405,8,8,1
5406,6,6,1
5407,1,1,1
5408,8,8,1
5409,1,1,1
5410,1,4,0
5411,8,8,1
5412,6,6,1
5413,0,0,1
5414,0,0,1
5415,6,6,1
5416,3,3,1
5417,0,0,1
5418,2,2,1
5419,3,3,1
5420,4,4,1
5421,7,7,1
5422,7,7,1
5423,8,8,1
5424,0,0,1
5425,5,5,1
5426,7,7,1
5427,0,0,1
5428,5,5,1
5429,6,6,1
5430,0,0,1
5431,8,8,1
5432,8,8,1
5433,4,4,1
5434,0,0,1
5435,0,0,1
5436,4,4,1
5437,4,4,1
5438,2,7,0
5439,8,8,1
5440,0,0,1
5441,7,5,0
5442,4,4,1
5443,1,1,1
5444,8,8,1
5445,5,0,0
5446,0,0,1
5447,1,1,1
5448,4,4,1
5449,3,3,1
5450,4,4,1
5451,4,4,1
5452,5,5,1
5453,0,0,1
5454,1,1,1
5455,8,8,1
5456,1,1,1
5457,5,5,1
5458,8,8,1
5459,4,4,1
5460,3,3,1
5461,1,1,1
5462,5,5,1
5463,3,3,1
5464,1,1,1
5465,6,6,1
5466,4,4,1
5467,8,7,0
5468,0,0,1
5469,6,6,1
5470,5,5,1
5471,0,0,1
5472,4,4,1
5473,4,4,1
5474,5,5,1
5475,8,8,1
5476,0,0,1
5477,0,0,1
5478,1,1,1
5479,0,0,1
5480,1,1,1
5481,4,4,1
5482,1,1,1
5483,8,8,1
5484,0,0,1
5485,8,6,0
5486,6,6,1
5487,0,0,1
5488,4,4,1
5489,8,8,1
5490,8,7,0
5491,4,4,1
5492,0,0,1
5493,7,7,1
5494,5,5,1
5495,8,8,1
5496,5,5,1
5497,8,8,1
5498,2,2,1
5499,5,5,1
5500,8,8,1
5501,3,3,1
5502,5,2,0
5503,0,0,1
5504,8,8,1
5505,3,3,1
5506,2,2,1
5507,8,8,1
5508,4,4,1
5509,6,6,1
5510,2,2,1
5511,3,3,1
5512,0,0,1
5513,6,6,1
5514,3,3,1
5515,6,6,1
5516,8,8,1
5517,0,0,1
5518,0,4,0
5519,6,6,1
5520,0,4,0
5521,1,1,1
5522,8,8,1
5523,0,4,0
5524,5,5,1
5525,4,4,1
5526,5,5,1
5527,0,0,1
5528,4,4,1
5529,3,3,1
5530,8,8,1
5531,8,8,1
5532,4,4,1
5533,4,4,1
5534,3,3,1
5535,8,8,1
5536,4,4,1
5537,7,7,1
5538,3,3,1
5539,8,8,1
5540,8,8,1
5541,7,7,1
5542,0,0,1
5543,3,3,1
5544,8,8,1
5545,7,5,0
5546,3,6,0
5547,7,7,1
5548,0,0,1
5549,4,4,1
5550,2,2,1
5551,0,4,0
5552,5,5,1
5553,8,6,0
5554,7,7,1
5555,0,0,1
5556,8,8,1
5557,4,4,1
5558,6,6,1
5559,7,4,0
5560,6,6,1
5561,0,0,1
5562,4,4,1
5563,8,6,0
5564,0,0,1
5565,3,3,1
5566,8,8,1
5567,2,2,1
5568,1,1,1
5569,4,4,1
5570,8,8,1
5571,1,1,1
5572,8,8,1
5573,7,7,1
5574,4,4,1
5575,3,3,1
5576,3,3,1
5577,8,8,1
5578,5,7,0
5579,1,1,1
5580,5,5,1
5581,7,7,1
5582,3,3,1
5583,8,8,1
5584,8,8,1
5585,8,8,1
5586,1,1,1
5587,1,1,1
5588,0,0,1
5589,7,7,1
5590,8,8,1
5591,4,4,1
5592,0,0,1
5593,1,1,1
5594,1,1,1
5595,1,1,1
5596,8,8,1
5597,0,0,1
5598,0,0,1
5599,8,8,1
5600,4,4,1
5601,5,5,1
5602,2,2,1
5603,6,6,1
5604,8,8,1
5605,3,3,1
5606,5,5,1
5607,0,0,1
5608,2,2,1
5609,1,1,1
5610,5,5,1
5611,7,7,1
5612,0,0,1
5613,3,3,1
5614,0,0,1
5615,8,8,1
5616,3,3,1
5617,0,0,1
5618,3,3,1
5619,8,8,1
5620,3,3,1
5621,0,0,1
5622,5,5,1
5623,5,7,0
5624,2,2,1
5625,0,0,1
5626,1,1,1
5627,0,0,1
5628,6,6,1
5629,4,4,1
5630,5,5,1
5631,5,5,1
5632,8,8,1
5633,2,2,1
5634,0,0,1
5635,8,8,1
5636,8,6,0
5637,8,8,1
5638,1,1,1
5639,0,0,1
5640,8,8,1
5641,0,0,1
5642,8,8,1
5643,0,0,1
5644,3,3,1
5645,5,5,1
5646,1,1,1
5647,0,0,1
5648,4,4,1
5649,3,3,1
5650,6,6,1
5651,8,8,1
5652,3,3,1
5653,7,5,0
5654,1,1,1
5655,3,3,1
5656,5,5,1
5657,3,3,1
5658,0,0,1
5659,6,6,1
5660,7,7,1
5661,8,8,1
5662,1,4,0
5663,5,5,1
5664,5,5,1
5665,7,7,1
5666,0,0,1
5667,1,1,1
5668,3,3,1
5669,3,3,1
5670,8,8,1
5671,8,8,1
5672,0,0,1
5673,0,0,1
5674,8,8,1
5675,0,0,1
5676,0,0,1
5677,3,3,1
5678,0,0,1
5679,7,7,1
5680,4,4,1
5681,0,4,0
5682,4,4,1
5683,0,0,1
5684,0,0,1
5685,6,6,1
5686,0,0,1
5687,8,8,1
5688,5,7,0
5689,3,3,1
5690,4,4,1
5691,0,0,1
5692,0,0,1
5693,4,4,1
5694,1,1,1
5695,0,0,1
5696,4,4,1
5697,1,1,1
5698,0,0,1
5699,4,4,1
5700,6,6,1
5701,6,6,1
5702,3,3,1
5703,8,8,1
5704,7,7,1
5705,3,3,1
5706,1,1,1
5707,8,8,1
5708,2,8,0
5709,8,8,1
5710,3,8,0
5711,6,6,1
5712,1,1,1
5713,3,3,1
5714,1,1,1
5715,8,8,1
5716,8,8,1
5717,8,8,1
5718,8,8,1
5719,8,8,1
5720,3,3,1
5721,1,1,1
5722,0,0,1
5723,8,8,1
5724,6,6,1
5725,8,8,1
5726,2,5,0
5727,6,6,1
5728,3,6,0
5729,6,6,1
5730,8,8,1
5731,3,3,1
5732,6,6,1
5733,1,1,1
5734,5,5,1
5735,7,7,1
5736,0,0,1
5737,4,4,1
5738,6,6,1
5739,5,5,1
5740,1,4,0
5741,4,4,1
5742,0,0,1
5743,2,7,0
5744,8,8,1
5745,8,7,0
5746,0,0,1
5747,0,0,1
5748,1,1,1
5749,8,8,1
5750,1,1,1
5751,0,0,1
5752,0,0,1
5753,8,8,1
5754,8,8,1
5755,8,8,1
5756,1,1,1
5757,6,6,1
5758,8,6,0
5759,1,1,1
5760,4,4,1
5761,6,6,1
5762,7,7,1
5763,0,4,0
5764,7,5,0
5765,8,8,1
5766,8,8,1
5767,0,0,1
5768,7,7,1
5769,8,8,1
5770,5,5,1
5771,0,0,1
5772,8,8,1
5773,1,1,1
5774,1,4,0
5775,6,6,1
5776,0,0,1
5777,5,5,1
5778,0,0,1
5779,6,6,1
5780,3,3,1
5781,7,7,1
5782,1,1,1
5783,0,0,1
5784,6,6,1
5785,5,5,1
5786,0,0,1
5787,6,6,1
5788,6,8,0
5789,0,0,1
5790,8,8,1
5791,1,1,1
5792,3,3,1
5793,4,4,1
5794,6,6,1
5795,7,7,1
5796,1,4,0
5797,8,8,1
5798,0,0,1
5799,8,8,1
5800,2,2,1
5801,4,4,1
5802,4,4,1
5803,4,4,1
5804,3,3,1
5805,4,4,1
5806,7,7,1
5807,0,0,1
5808,1,1,1
5809,1,1,1
5810,1,1,1
5811,0,0,1
5812,5,5,1
5813,3,3,1
5814,8,6,0
5815,7,5,0
5816,1,1,1
5817,2,2,1
5818,4,4,1
5819,3,3,1
5820,4,6,0
5821,7,5,0
5822,2,2,1
5823,0,0,1
5824,0,0,1
5825,1,1,1
5826,1,1,1
5827,6,6,1
5828,1,1,1
5829,4,4,1
5830,1,1,1
5831,0,0,1
5832,0,0,1
5833,2,2,1
5834,8,8,1
5835,8,8,1
5836,5,5,1
5837,7,4,0
5838,8,8,1
5839,8,8,1
5840,1,1,1
5841,2,2,1
5842,0,0,1
5843,8,6,0
5844,5,5,1
5845,3,3,1
5846,5,5,1
5847,3,3,1
5848,3,3,1
5849,5,5,1
5850,8,8,1
5851,4,4,1
5852,1,1,1
5853,0,0,1
5854,3,3,1
5855,8,8,1
5856,5,7,0
5857,5,5,1
5858,8,8,1
5859,7,5,0
5860,0,0,1
5861,1,1,1
5862,5,5,1
5863,0,0,1
5864,5,5,1
5865,1,1,1
5866,0,0,1
5867,3,3,1
5868,6,6,1
5869,7,5,0
5870,5,7,0
5871,0,0,1
5872,1,4,0
5873,0,0,1
5874,4,4,1
5875,3,3,1
5876,2,7,0
5877,1,1,1
5878,1,1,1
5879,3,3,1
5880,4,4,1
5881,4,4,1
5882,8,8,1
5883,4,4,1
5884,8,8,1
5885,6,6,1
5886,0,0,1
5887,7,7,1
5888,4,4,1
5889,1,1,1
5890,4,4,1
5891,4,4,1
5892,8,8,1
5893,0,0,1
5894,1,4,0
5895,4,4,1
5896,8,8,1
5897,0,0,1
5898,5,5,1
5899,6,6,1
5900,1,1,1
5901,2,2,1
5902,3,3,1
5903,0,0,1
5904,0,0,1
5905,7,7,1
5906,7,5,0
5907,8,8,1
5908,7,7,1
5909,4,4,1
5910,0,0,1
5911,7,7,1
5912,6,6,1
5913,7,2,0
5914,0,0,1
5915,2,2,1
5916,7,7,1
5917,3,3,1
5918,1,1,1
5919,0,0,1
5920,8,8,1
5921,0,0,1
5922,6,6,1
5923,4,4,1
5924,0,4,0
5925,5,5,1
5926,2,2,1
5927,8,8,1
5928,8,8,1
5929,4,4,1
5930,0,0,1
5931,0,0,1
5932,0,0,1
5933,4,4,1
5934,4,4,1
5935,8,8,1
5936,5,5,1
5937,4,4,1
5938,1,1,1
5939,0,0,1
5940,4,4,1
5941,8,8,1
5942,3,3,1
5943,2,8,0
5944,8,8,1
5945,8,8,1
5946,1,1,1
5947,0,0,1
5948,4,4,1
5949,7,7,1
5950,4,4,1
5951,1,1,1
5952,1,1,1
5953,4,4,1
5954,1,1,1
5955,0,0,1
5956,8,8,1
5957,8,8,1
5958,6,6,1
5959,8,8,1
5960,7,7,1
5961,1,1,1
5962,1,1,1
5963,0,0,1
5964,3,3,1
5965,0,0,1
5966,5,5,1
5967,0,0,1
5968,0,0,1
5969,8,8,1
5970,6,4,0
5971,3,3,1
5972,1,1,1
5973,3,3,1
5974,8,8,1
5975,8,8,1
5976,4,4,1
5977,2,2,1
5978,1,1,1
5979,0,0,1
5980,5,5,1
5981,8,8,1
5982,0,0,1
5983,4,4,1
5984,0,0,1
5985,2,2,1
5986,6,4,0
5987,0,0,1
5988,6,6,1
5989,1,1,1
5990,6,6,1
5991,6,6,1
5992,3,3,1
5993,0,0,1
5994,0,0,1
5995,8,8,1
5996,4,4,1
5997,6,6,1
5998,0,0,1
5999,8,8,1
6000,6,6,1
6001,0,0,1
6002,8,8,1
6003,8,8,1
6004,1,1,1
6005,8,8,1
6006,5,0,0
6007,0,0,1
6008,8,6,0
6009,8,8,1
6010,8,8,1
6011,5,5,1
6012,0,0,1
6013,2,2,1
6014,8,8,1
6015,5,5,1
6016,5,5,1
6017,4,4,1
6018,6,6,1
6019,2,2,1
6020,0,4,0
6021,7,5,0
6022,5,7,0
6023,7,7,1
6024,5,5,1
6025,5,5,1
6026,6,6,1
6027,1,1,1
6028,0,0,1
6029,4,4,1
6030,0,0,1
6031,8,6,0
6032,4,4,1
6033,1,1,1
6034,4,4,1
6035,8,8,1
6036,5,5,1
6037,0,0,1
6038,2,2,1
6039,7,5,0
6040,1,1,1
6041,0,0,1
6042,4,4,1
6043,8,8,1
6044,8,8,1
6045,6,6,1
6046,2,2,1
6047,6,6,1
6048,8,8,1
6049,0,0,1
6050,4,4,1
6051,1,1,1
6052,1,1,1
6053,3,3,1
6054,6,6,1
6055,8,8,1
6056,2,2,1
6057,0,0,1
6058,8,8,1
6059,5,2,0
6060,1,1,1
6061,0,0,1
6062,6,6,1
6063,8,8,1
6064,7,7,1
6065,8,8,1
6066,1,1,1
6067,4,4,1
6068,4,4,1
6069,8,8,1
6070,6,6,1
6071,6,6,1
6072,0,0,1
6073,3,3,1
6074,8,8,1
6075,6,6,1
6076,5,5,1
6077,3,3,1
6078,8,8,1
6079,8,3,0
6080,6,6,1
6081,0,0,1
6082,6,6,1
6083,0,0,1
6084,8,7,0
6085,2,8,0
6086,4,4,1
6087,6,6,1
6088,6,6,1
6089,8,8,1
6090,4,0,0
6091,8,8,1
6092,4,4,1
6093,2,2,1
6094,3,3,1
6095,5,5,1
6096,0,0,1
6097,0,0,1
6098,6,6,1
6099,6,6,1
6100,0,0,1
6101,8,8,1
6102,7,8,0
6103,8,8,1
6104,7,5,0
6105,4,4,1
6106,8,6,0
6107,0,0,1
6108,0,0,1
6109,1,1,1
6110,1,1,1
6111,1,1,1
6112,4,4,1
6113,0,0,1
6114,1,1,1
6115,7,5,0
6116,8,8,1
6117,0,0,1
6118,3,3,1
6119,1,1,1
6120,8,8,1
6121,0,0,1
6122,8,8,1
6123,2,2,1
6124,2,2,1
6125,6,6,1
6126,6,6,1
6127,1,1,1
6128,5,5,1
6129,1,1,1
6130,5,5,1
6131,3,3,1
6132,3,3,1
6133,4,4,1
6134,2,2,1
6135,3,3,1
6136,8,6,0
6137,0,0,1
6138,5,5,1
6139,8,8,1
6140,3,3,1
6141,5,5,1
6142,2,2,1
6143,6,6,1
6144,0,0,1
6145,6,6,1
6146,3,8,0
6147,8,8,1
6148,1,4,0
6149,8,8,1
6150,0,0,1
6151,5,5,1
6152,4,4,1
6153,8,6,0
6154,5,7,0
6155,8,8,1
6156,2,2,1
6157,3,3,1
6158,6,6,1
6159,0,0,1
6160,7,5,0
6161,4,4,1
6162,4,4,1
6163,4,4,1
6164,3,3,1
6165,1,1,1
6166,2,2,1
6167,0,0,1
6168,8,8,1
6169,6,6,1
6170,8,8,1
6171,1,1,1
6172,8,6,0
6173,1,1,1
6174,1,1,1
6175,0,0,1
6176,3,3,1
6177,5,5,1
6178,8,8,1
6179,8,8,1
6180,8,8,1
6181,5,5,1
6182,6,6,1
6183,0,0,1
6184,0,0,1
6185,1,1,1
6186,8,8,1
6187,8,8,1
6188,8,6,0
6189,2,2,1
6190,5,5,1
6191,8,8,1
6192,5,7,0
6193,0,0,1
6194,8,8,1
6195,0,0,1
6196,4,4,1
6197,4,4,1
6198,1,1,1
6199,6,6,1
6200,1,4,0
6201,8,8,1
6202,4,4,1
6203,5,5,1
6204,7,5,0
6205,1,1,1
6206,8,8,1
6207,6,6,1
6208,0,0,1
6209,5,7,0
6210,1,1,1
6211,0,0,1
6212,7,7,1
6213,4,4,1
6214,2,2,1
6215,1,1,1
6216,0,0,1
6217,2,2,1
6218,2,2,1
6219,5,5,1
6220,0,0,1
6221,1,1,1
6222,0,0,1
6223,4,4,1
6224,6,6,1
6225,3,3,1
6226,6,6,1
6227,6,6,1
6228,5,5,1
6229,8,8,1
6230,7,5,0
6231,6,6,1
6232,1,1,1
6233,1,1,1
6234,1,1,1
6235,6,6,1
6236,1,1,1
6237,0,0,1
6238,3,3,1
6239,8,8,1
6240,5,5,1
6241,5,7,0
6242,8,8,1
6243,4,4,1
6244,8,8,1
6245,4,4,1
6246,3,3,1
6247,5,5,1
6248,0,0,1
6249,4,4,1
6250,0,0,1
6251,1,1,1
6252,8,6,0
6253,6,6,1
6254,8,8,1
6255,3,3,1
6256,3,3,1
6257,0,0,1
6258,0,0,1
6259,4,4,1
6260,4,4,1
6261,8,8,1
6262,7,7,1
6263,5,5,1
6264,0,0,1
6265,1,1,1
6266,4,4,1
6267,0,0,1
6268,1,1,1
6269,7,8,0
6270,3,3,1
6271,3,3,1
6272,3,3,1
6273,5,5,1
6274,8,8,1
6275,4,4,1
6276,8,6,0
6277,4,4,1
6278,4,4,1
6279,4,4,1
6280,4,4,1
6281,5,5,1
6282,6,8,0
6283,1,1,1
6284,8,6,0
6285,0,0,1
6286,0,0,1
6287,5,5,1
6288,8,8,1
6289,4,4,1
6290,6,6,1
6291,5,5,1
6292,7,7,1
6293,5,5,1
6294,8,8,1
6295,0,4,0
6296,0,0,1
6297,4,4,1
6298,0,0,1
6299,4,4,1
6300,6,6,1
6301,1,1,1
6302,3,3,1
6303,1,1,1
6304,2,2,1
6305,1,1,1
6306,4,4,1
6307,5,0,0
6308,5,5,1
6309,8,8,1
6310,8,8,1
6311,1,1,1
6312,5,5,1
6313,8,8,1
6314,1,1,1
6315,6,6,1
6316,6,6,1
6317,3,3,1
6318,8,8,1
6319,7,7,1
6320,6,6,1
6321,1,1,1
6322,4,4,1
6323,2,2,1
6324,1,1,1
6325,0,0,1
6326,4,4,1
6327,1,1,1
6328,2,2,1
6329,8,8,1
6330,6,6,1
6331,4,4,1
6332,3,3,1
6333,4,4,1
6334,8,8,1
6335,7,5,0
6336,1,1,1
6337,8,8,1
6338,3,3,1
6339,8,8,1
6340,4,4,1
6341,1,1,1
6342,3,3,1
6343,3,3,1
6344,0,0,1
6345,3,3,1
6346,3,3,1
6347,0,0,1
6348,4,4,1
6349,1,1,1
6350,8,8,1
6351,2,2,1
6352,0,0,1
6353,0,0,1
6354,1,1,1
6355,6,6,1
6356,8,8,1
6357,8,8,1
6358,0,0,1
6359,8,8,1
6360,6,6,1
6361,1,1,1
6362,1,1,1
6363,3,3,1
6364,5,5,1
6365,0,0,1
6366,0,0,1
6367,1,1,1
6368,8,8,1
6369,5,5,1
6370,0,0,1
6371,8,8,1
6372,0,0,1
6373,1,1,1
6374,1,1,1
6375,1,1,1
6376,8,8,1
6377,0,0,1
6378,1,1,1
6379,4,4,1
6380,2,7,0
6381,8,8,1
6382,3,3,1
6383,3,3,1
6384,1,1,1
6385,0,0,1
6386,7,7,1
6387,1,1,1
6388,5,5,1
6389,1,4,0
6390,3,3,1
6391,1,1,1
6392,1,1,1
6393,8,8,1
6394,2,2,1
6395,1,1,1
6396,0,0,1
6397,5,5,1
6398,8,8,1
6399,4,4,1
6400,6,6,1
6401,4,4,1
6402,6,6,1
6403,6,8,0
6404,5,7,0
6405,5,7,0
6406,0,0,1
6407,1,1,1
6408,3,3,1
6409,1,1,1
6410,0,0,1
6411,1,1,1
6412,0,0,1
6413,7,5,0
6414,8,8,1
6415,5,5,1
6416,7,7,1
6417,7,2,0
6418,0,4,0
6419,0,0,1
6420,3,3,1
6421,5,5,1
6422,1,4,0
6423,0,0,1
6424,4,4,1
6425,6,3,0
6426,8,8,1
6427,1,1,1
6428,8,8,1
6429,1,1,1
6430,8,8,1
6431,3,3,1
6432,6,6,1
6433,5,7,0
6434,0,0,1
6435,6,6,1
6436,1,1,1
6437,5,5,1
6438,5,5,1
6439,5,5,1
6440,5,5,1
6441,4,4,1
6442,8,7,0
6443,4,4,1
6444,0,0,1
6445,8,8,1
6446,0,0,1
6447,0,0,1
6448,6,6,1
6449,1,1,1
6450,1,1,1
6451,6,6,1
6452,3,3,1
6453,0,0,1
6454,5,5,1
6455,1,1,1
6456,1,1,1
6457,3,3,1
6458,6,6,1
6459,6,6,1
6460,1,1,1
6461,0,0,1
6462,0,0,1
6463,8,8,1
6464,7,7,1
6465,6,6,1
6466,1,1,1
6467,7,7,1
6468,0,0,1
6469,3,3,1
6470,8,6,0
6471,4,4,1
6472,3,3,1
6473,2,2,1
6474,2,2,1
6475,7,5,0
6476,0,0,1
6477,1,1,1
6478,5,5,1
6479,5,5,1
6480,3,6,0
6481,4,4,1
6482,5,5,1
6483,1,1,1
6484,4,4,1
6485,1,1,1
6486,0,0,1
6487,4,4,1
6488,1,1,1
6489,6,6,1
6490,1,1,1
6491,1,1,1
6492,0,0,1
6493,2,2,1
6494,1,4,0
6495,6,6,1
6496,4,4,1
6497,3,3,1
6498,7,7,1
6499,2,2,1
6500,6,6,1
6501,1,1,1
6502,2,2,1
6503,1,1,1
6504,3,3,1
6505,5,5,1
6506,0,0,1
6507,5,5,1
6508,6,6,1
6509,8,6,0
6510,3,3,1
6511,6,6,1
6512,4,4,1
6513,8,8,1
6514,6,6,1
6515,3,3,1
6516,0,0,1
6517,0,0,1
6518,4,4,1
6519,4,8,0
6520,4,4,1
6521,0,0,1
6522,6,6,1
6523,1,1,1
6524,5,5,1
6525,0,4,0
6526,5,5,1
6527,0,0,1
6528,7,5,0
6529,7,4,0
6530,5,5,1
6531,1,1,1
6532,0,0,1
6533,0,0,1
6534,3,3,1
6535,1,1,1
6536,7,7,1
6537,7,2,0
6538,4,4,1
6539,1,1,1
6540,4,4,1
6541,8,8,1
6542,3,3,1
6543,1,1,1
6544,8,8,1
6545,5,5,1
6546,0,0,1
6547,8,8,1
6548,1,4,0
6549,0,0,1
6550,0,0,1
6551,2,7,0
6552,1,1,1
6553,1,1,1
6554,6,6,1
6555,5,5,1
6556,8,8,1
6557,1,1,1
6558,7,7,1
6559,4,4,1
6560,0,0,1
6561,0,0,1
6562,8,6,0
6563,8,8,1
6564,7,7,1
6565,2,2,1
6566,8,8,1
6567,6,6,1
6568,8,8,1
6569,6,6,1
6570,8,6,0
6571,8,6,0
6572,0,0,1
6573,1,1,1
6574,3,3,1
6575,4,4,1
6576,1,4,0
6577,6,6,1
6578,0,0,1
6579,1,1,1
6580,1,4,0
6581,4,4,1
6582,4,4,1
6583,8,8,1
6584,5,5,1
6585,0,0,1
6586,6,6,1
6587,8,8,1
6588,8,8,1
6589,6,6,1
6590,0,0,1
6591,0,0,1
6592,1,1,1
6593,1,1,1
6594,2,2,1
6595,4,4,1
6596,5,5,1
6597,4,4,1
6598,0,0,1
6599,0,0,1
6600,3,3,1
6601,4,4,1
6602,3,3,1
6603,0,0,1
6604,0,0,1
6605,6,6,1
6606,8,8,1
6607,8,8,1
6608,8,8,1
6609,6,6,1
6610,4,4,1
6611,2,6,0
6612,4,4,1
6613,8,8,1
6614,0,0,1
6615,0,0,1
6616,0,0,1
6617,0,0,1
6618,7,8,0
6619,1,1,1
6620,2,2,1
6621,1,4,0
6622,8,8,1
6623,1,1,1
6624,0,4,0
6625,6,6,1
6626,3,3,1
6627,7,5,0
6628,1,1,1
6629,7,5,0
6630,3,3,1
6631,8,8,1
6632,0,0,1
6633,6,6,1
6634,8,6,0
6635,4,4,1
6636,1,1,1
6637,1,1,1
6638,6,6,1
6639,1,1,1
6640,7,7,1
6641,7,2,0
6642,8,6,0
6643,8,8,1
6644,1,1,1
6645,0,0,1
6646,1,4,0
6647,2,2,1
6648,7,5,0
6649,0,0,1
6650,2,2,1
6651,4,4,1
6652,0,0,1
6653,1,1,1
6654,2,7,0
6655,3,3,1
6656,1,1,1
6657,4,4,1
6658,2,2,1
6659,1,1,1
6660,4,4,1
6661,8,8,1
6662,8,8,1
6663,4,4,1
6664,0,0,1
6665,0,0,1
6666,5,7,0
6667,8,8,1
6668,3,3,1
6669,4,4,1
6670,0,0,1
6671,4,4,1
6672,5,5,1
6673,8,8,1
6674,0,0,1
6675,2,2,1
6676,3,3,1
6677,3,3,1
6678,7,7,1
6679,0,0,1
6680,8,8,1
6681,1,1,1
6682,5,7,0
6683,5,5,1
6684,8,8,1
6685,0,0,1
6686,6,6,1
6687,2,7,0
6688,4,4,1
6689,4,4,1
6690,6,6,1
6691,2,2,1
6692,5,5,1
6693,6,6,1
6694,8,8,1
6695,0,0,1
6696,3,3,1
6697,8,8,1
6698,6,6,1
6699,0,0,1
6700,2,2,1
6701,0,0,1
6702,5,5,1
6703,6,6,1
6704,3,3,1
6705,7,5,0
6706,4,4,1
6707,1,1,1
6708,0,0,1
6709,0,0,1
6710,0,0,1
6711,8,8,1
6712,3,3,1
6713,2,2,1
6714,6,6,1
6715,1,1,1
6716,8,8,1
6717,8,8,1
6718,6,6,1
6719,6,6,1
6720,8,8,1
6721,8,8,1
6722,8,8,1
6723,0,0,1
6724,4,4,1
6725,4,4,1
6726,8,8,1
6727,1,1,1
6728,8,8,1
6729,0,0,1
6730,4,4,1
6731,0,0,1
6732,3,3,1
6733,8,8,1
6734,0,0,1
6735,0,0,1
6736,0,0,1
6737,6,6,1
6738,7,3,0
6739,0,0,1
6740,6,6,1
6741,1,1,1
6742,4,4,1
6743,0,0,1
6744,4,4,1
6745,8,8,1
6746,8,8,1
6747,2,4,0
6748,8,8,1
6749,0,0,1
6750,8,0,0
6751,3,3,1
6752,1,1,1
6753,1,1,1
6754,3,3,1
6755,0,0,1
6756,0,0,1
6757,0,0,1
6758,8,8,1
6759,1,1,1
6760,0,0,1
6761,5,5,1
6762,5,2,0
6763,6,6,1
6764,8,8,1
6765,5,5,1
6766,7,7,1
6767,6,6,1
6768,4,4,1
6769,6,6,1
6770,7,7,1
6771,7,7,1
6772,6,6,1
6773,8,8,1
6774,4,4,1
6775,6,6,1
6776,8,6,0
6777,5,5,1
6778,7,7,1
6779,1,1,1
6780,8,8,1
6781,1,1,1
6782,0,0,1
6783,8,8,1
6784,1,1,1
6785,5,5,1
6786,5,0,0
6787,8,8,1
6788,2,2,1
6789,8,8,1
6790,1,4,0
6791,8,8,1
6792,0,0,1
6793,0,0,1
6794,1,1,1
6795,8,8,1
6796,6,6,1
6797,5,5,1
6798,4,4,1
6799,8,8,1
6800,0,0,1
6801,4,4,1
6802,4,4,1
6803,4,4,1
6804,6,6,1
6805,8,6,0
6806,8,8,1
6807,1,1,1
6808,2,2,1
6809,3,3,1
6810,4,4,1
6811,4,4,1
6812,1,1,1
6813,6,6,1
6814,8,8,1
6815,4,4,1
6816,8,8,1
6817,6,6,1
6818,8,8,1
6819,6,6,1
6820,0,0,1
6821,1,1,1
6822,8,8,1
6823,0,0,1
6824,8,8,1
6825,8,8,1
6826,6,6,1
6827,0,0,1
6828,4,4,1
6829,3,3,1
6830,2,2,1
6831,8,6,0
6832,7,2,0
6833,8,8,1
6834,5,5,1
6835,3,3,1
6836,8,8,1
6837,4,4,1
6838,1,1,1
6839,8,8,1
6840,8,8,1
6841,8,8,1
6842,1,1,1
6843,4,4,1
6844,4,4,1
6845,3,3,1
6846,8,6,0
6847,4,4,1
6848,6,6,1
6849,3,3,1
6850,4,4,1
6851,8,8,1
6852,8,8,1
6853,1,1,1
6854,5,5,1
6855,4,4,1
6856,7,7,1
6857,6,6,1
6858,8,8,1
6859,4,4,1
6860,2,2,1
6861,1,1,1
6862,4,4,1
6863,7,5,0
6864,1,1,1
6865,0,0,1
6866,0,4,0
6867,4,0,0
6868,7,2,0
6869,4,4,1
6870,3,3,1
6871,2,2,1
6872,7,7,1
6873,4,4,1
6874,0,0,1
6875,3,3,1
6876,2,2,1
6877,8,8,1
6878,1,1,1
6879,0,0,1
6880,8,8,1
6881,8,6,0
6882,0,4,0
6883,5,8,0
6884,8,8,1
6885,5,7,0
6886,0,0,1
6887,8,8,1
6888,8,8,1
6889,3,3,1
6890,3,3,1
6891,0,0,1
6892,6,6,1
6893,8,8,1
6894,1,1,1
6895,0,0,1
6896,6,6,1
6897,0,0,1
6898,5,5,1
6899,1,1,1
6900,5,2,0
6901,8,8,1
6902,6,4,0
6903,4,4,1
6904,4,4,1
6905,1,1,1
6906,1,1,1
6907,8,8,1
6908,1,1,1
6909,8,8,1
6910,3,3,1
6911,6,6,1
6912,3,3,1
6913,8,8,1
6914,1,1,1
6915,3,8,0
6916,8,8,1
6917,5,5,1
6918,4,4,1
6919,6,6,1
6920,0,0,1
6921,3,3,1
6922,4,4,1
6923,0,0,1
6924,0,0,1
6925,0,0,1
6926,7,7,1
6927,5,5,1
6928,0,0,1
6929,1,1,1
6930,0,0,1
6931,6,6,1
6932,7,7,1
6933,4,4,1
6934,7,7,1
6935,0,0,1
6936,2,2,1
6937,6,6,1
6938,5,7,0
6939,8,8,1
6940,4,4,1
6941,4,4,1
6942,4,4,1
6943,5,5,1
6944,0,0,1
6945,0,0,1
6946,1,4,0
6947,1,1,1
6948,0,4,0
6949,2,7,0
6950,7,7,1
6951,5,5,1
6952,8,8,1
6953,2,2,1
6954,8,8,1
6955,5,5,1
6956,5,5,1
6957,0,0,1
6958,5,5,1
6959,2,2,1
6960,6,6,1
6961,4,4,1
6962,4,4,1
6963,7,8,0
6964,8,8,1
6965,0,0,1
6966,8,7,0
6967,1,1,1
6968,8,8,1
6969,7,7,1
6970,0,0,1
6971,3,3,1
6972,8,8,1
6973,3,3,1
6974,6,6,1
6975,6,6,1
6976,4,4,1
6977,4,4,1
6978,6,8,0
6979,5,5,1
6980,5,5,1
6981,3,3,1
6982,1,1,1
6983,4,4,1
6984,0,0,1
6985,5,5,1
6986,0,0,1
6987,0,0,1
6988,6,6,1
6989,4,4,1
6990,0,0,1
6991,8,8,1
6992,2,2,1
6993,3,3,1
6994,3,3,1
6995,5,5,1
6996,0,0,1
6997,5,5,1
6998,4,4,1
6999,0,0,1
7000,6,4,0
7001,0,0,1
7002,4,4,1
7003,3,3,1
7004,6,6,1
7005,1,1,1
7006,1,1,1
7007,1,1,1
7008,1,4,0
7009,0,0,1
7010,3,3,1
7011,1,1,1
7012,7,7,1
7013,1,1,1
7014,8,8,1
7015,6,6,1
7016,8,8,1
7017,0,0,1
7018,4,4,1
7019,8,8,1
7020,4,4,1
7021,4,4,1
7022,4,4,1
7023,6,6,1
7024,0,0,1
7025,0,0,1
7026,0,0,1
7027,8,8,1
7028,0,0,1
7029,0,4,0
7030,4,4,1
7031,8,8,1
7032,7,7,1
7033,1,1,1
7034,0,0,1
7035,7,7,1
7036,2,2,1
7037,3,3,1
7038,8,8,1
7039,6,6,1
7040,0,0,1
7041,0,0,1
7042,6,6,1
7043,7,2,0
7044,7,7,1
7045,0,0,1
7046,0,0,1
7047,1,1,1
7048,5,5,1
7049,4,4,1
7050,0,0,1
7051,3,3,1
7052,1,1,1
7053,3,3,1
7054,7,7,1
7055,8,8,1
7056,6,6,1
7057,3,3,1
7058,1,1,1
7059,4,4,1
7060,8,8,1
7061,0,0,1
7062,7,2,0
7063,4,4,1
7064,0,0,1
7065,0,0,1
7066,1,1,1
7067,1,1,1
7068,4,4,1
7069,1,1,1
7070,4,4,1
7071,0,0,1
7072,1,1,1
7073,1,1,1
7074,5,7,0
7075,1,1,1
7076,2,2,1
7077,3,3,1
7078,0,0,1
7079,4,4,1
7080,7,4,0
7081,4,4,1
7082,8,8,1
7083,0,0,1
7084,4,4,1
7085,3,3,1
7086,0,0,1
7087,5,2,0
7088,1,1,1
7089,5,5,1
7090,4,4,1
7091,2,2,1
7092,1,1,1
7093,8,8,1
7094,6,6,1
7095,1,1,1
7096,0,0,1
7097,4,4,1
7098,8,7,0
7099,8,8,1
7100,1,1,1
7101,4,4,1
7102,2,2,1
7103,3,3,1
7104,8,8,1
7105,1,1,1
7106,0,0,1
7107,0,0,1
7108,7,7,1
7109,5,7,0
7110,8,8,1
7111,7,7,1
7112,8,8,1
7113,6,6,1
7114,2,2,1
7115,3,7,0
7116,4,4,1
7117,0,0,1
7118,3,3,1
7119,0,0,1
7120,0,0,1
7121,4,4,1
7122,3,3,1
7123,3,3,1
7124,0,4,0
7125,8,8,1
7126,0,0,1
7127,1,1,1
7128,8,8,1
7129,1,1,1
7130,1,1,1
7131,3,3,1
7132,5,5,1
7133,1,1,1
7134,4,4,1
7135,0,0,1
7136,4,4,1
7137,1,1,1
7138,6,6,1
7139,0,0,1
7140,5,5,1
7141,8,8,1
7142,4,4,1
7143,1,1,1
7144,6,6,1
7145,1,1,1
7146,6,6,1
7147,6,6,1
7148,0,0,1
7149,1,1,1
7150,6,6,1
7151,4,4,1
7152,1,1,1
7153,4,4,1
7154,1,4,0
7155,3,3,1
7156,3,3,1
7157,3,3,1
7158,0,0,1
7159,4,4,1
7160,3,3,1
7161,3,3,1
7162,6,6,1
7163,8,8,1
7164,4,4,1
7165,5,5,1
7166,3,3,1
7167,8,6,0
7168,1,4,0
7169,5,5,1
7170,6,6,1
7171,4,4,1
7172,0,0,1
7173,6,6,1
7174,6,6,1
7175,8,8,1
7176,7,7,1
7177,4,4,1
7178,8,8,1
7179,8,8,1
